id,nama,email,password,no_hp,role,status,created_at,updated_at
1,Megen Cullingworth,mcullingworth0@over-blog.com,d5a1c6dca8d5e1bb4ada368a6630d426,716-498-4670,pelanggan,tidak aktif,1/27/2021,7/15/2021
2,Deeanne Larver,dlarver1@printfriendly.com,d99a1f4cdbb2984f48e431c2178a2f23,614-106-9625,admin,tidak aktif,4/13/2021,9/1/2022
3,Jeannine Hernik,jhernik2@goo.gl,c8250d2e53cde1b807750c6a232ba976,477-780-0373,kurir,aktif,11/15/2020,3/20/2021
4,Gard Cuddehay,gcuddehay3@gnu.org,5cb827396d1ebb7727af282dcc7ae36b,365-575-0292,admin,aktif,12/4/2022,9/7/2022
5,Fiorenze Gatehouse,fgatehouse4@cnn.com,96208fb086e27ef350a9fe0bf376a848,389-611-8682,admin,tidak aktif,5/27/2020,5/9/2021
6,Erinna Boynton,eboynton5@newyorker.com,4c75d18675f37f21bc86ea9c81b9d067,924-558-5257,pelanggan,tidak aktif,4/14/2021,5/13/2022
7,Dacie Flips,dflips6@psu.edu,d7fe85c8004d18272de65fe87ceea0ab,411-702-5888,kurir,aktif,5/18/2022,12/12/2022
8,Marven Tiernan,mtiernan7@ameblo.jp,58a7894f46d0b93843576b5fec48b10c,537-374-3306,kurir,aktif,10/28/2022,1/26/2021
9,Rriocard Langman,rlangman8@networkadvertising.org,5f6375c0ba85a0c74888df95074ace70,537-626-7343,pelanggan,aktif,7/20/2021,3/2/2021
10,Lora Ormonde,lormonde9@princeton.edu,a808f925bb06daff4064a20930d00a07,512-131-3258,pelanggan,tidak aktif,6/4/2020,10/22/2021
11,Karlan O'dell,kodella@mozilla.org,5cfaac1a56db21dff0ef2b0fedf68af7,134-240-1412,kurir,tidak aktif,2/13/2021,12/24/2021
12,Rollie Dogg,rdoggb@thetimes.co.uk,b938466b93d01f2b1ecb2fdaa0f42ad9,860-139-6204,kurir,tidak aktif,6/6/2022,2/2/2020
13,Christabella Deluce,cdelucec@ucoz.com,a2a532e64a3ee7dc7d61f8aa8ae0f8a9,924-847-8433,admin,tidak aktif,6/13/2022,9/26/2022
14,Sibbie Jerisch,sjerischd@dion.ne.jp,168801c20dfdb8ee743e4d975478ee3e,147-757-0025,admin,aktif,8/27/2022,8/1/2021
15,Gnni Botger,gbotgere@state.gov,79632d58f5c62be23310ada006120e2f,951-590-4490,pelanggan,aktif,7/12/2022,8/13/2021
16,Christy Buddle,cbuddlef@pagesperso-orange.fr,b91c7b87c532a684ff9b0add91b081d5,425-893-5951,kurir,aktif,6/5/2021,1/24/2020
17,Steve Skellon,sskellong@telegraph.co.uk,27c96736d8ff5f048b54672ac6ab3330,606-670-5217,pelanggan,tidak aktif,5/11/2021,9/20/2021
18,Parker Roe,proeh@ovh.net,eb58cf1947bcfa760c141d4f514cec2e,129-356-6581,kurir,tidak aktif,11/6/2021,11/20/2021
19,Silvain Cranmer,scranmeri@google.com.hk,01c79451dd72b2b412a7c0ebed53b004,532-865-6654,kurir,tidak aktif,6/8/2021,7/22/2021
20,Tamiko Durnill,tdurnillj@wikimedia.org,2d2537accb9b01e40eb8b13e9615cc01,117-524-6184,admin,aktif,4/9/2021,10/26/2021
21,Alysa Hanfrey,ahanfreyk@instagram.com,27a4c983e2036ac1324aa3f83e16c50b,709-773-7626,admin,aktif,7/20/2022,8/16/2020
22,Morris Reinbech,mreinbechl@samsung.com,a77d120750bf09082ee4d772fefdf9a2,867-300-6936,pelanggan,tidak aktif,2/5/2022,1/26/2021
23,Benni Naper,bnaperm@sourceforge.net,621bc3c146abd33a7591934a65746f65,804-907-3170,pelanggan,tidak aktif,12/7/2022,3/21/2020
24,Brynna Applewhite,bapplewhiten@plala.or.jp,4d510cc79bce650ad6eed2f603bf0f4f,546-161-4488,pelanggan,tidak aktif,1/27/2021,9/22/2020
25,Clarence Daintith,cdaintitho@intel.com,f9e89e0f111dc799560f5cbc3d1e041a,123-880-5204,pelanggan,aktif,2/16/2021,8/1/2022
26,Shurwood Faiers,sfaiersp@mac.com,5a9767bb4d347841054e9104cfcb39dc,457-850-7755,admin,aktif,7/21/2021,9/26/2020
27,Sumner Carnson,scarnsonq@nps.gov,2402fe7da5a378e11cd132717e63c0a3,804-140-9133,pelanggan,aktif,4/25/2020,11/25/2021
28,Cathrin McCarthy,cmccarthyr@wikipedia.org,16b5ccb232d5599eeffc2f4ffa433306,748-233-6023,pelanggan,aktif,2/15/2022,7/21/2022
29,Othilie Springall,ospringalls@utexas.edu,043f356faa8bfc7a3be3a77133c8c887,445-736-9863,kurir,tidak aktif,8/1/2022,9/19/2020
30,Ros Challenor,rchallenort@bbb.org,51fce1cf6fad0e5082f6240ad1bd4b04,646-262-7205,kurir,tidak aktif,6/18/2020,8/10/2020
31,Geneva Dishmon,gdishmonu@loc.gov,ab2fa9e8ac371374df557ce3b0f96440,204-963-8329,admin,tidak aktif,6/24/2020,7/11/2020
32,Johnette Frye,jfryev@auda.org.au,b8ae6af3a13b78f5c32307bdb211f177,369-725-2841,admin,tidak aktif,3/13/2020,4/17/2020
33,Grange Tremelling,gtremellingw@businessweek.com,1b732109d8ae823c47f63d52fb27106c,852-641-2402,admin,aktif,4/24/2022,1/20/2021
34,Darn Rutty,druttyx@webs.com,bc87db401ed11008dd0b34d97357fdb2,449-401-2948,pelanggan,tidak aktif,1/19/2022,3/19/2020
35,Ax Jenks,ajenksy@illinois.edu,372de1f821cb47ce0110b90030d74efd,185-663-8503,kurir,aktif,1/15/2021,5/2/2021
36,Esmaria Guillford,eguillfordz@techcrunch.com,e572f61eca9d3381679a84d35814f4ad,189-749-4448,kurir,aktif,6/7/2021,3/14/2022
37,Rahal Grimshaw,rgrimshaw10@slideshare.net,e64f37b04922664148e5687e803ea9cd,594-916-9423,kurir,tidak aktif,5/6/2020,6/30/2021
38,Kenton Cescot,kcescot11@paginegialle.it,153c133711b57d87b7f3faee2ad9c717,850-952-8636,kurir,tidak aktif,3/12/2020,3/11/2022
39,Fred Giddins,fgiddins12@flavors.me,f75cfa92ed881f09b6f66b6e536f6191,496-207-7514,admin,aktif,10/16/2021,10/24/2020
40,Paolina Bulter,pbulter13@auda.org.au,091b0336e131ee0fc805288750b66493,468-363-6139,pelanggan,aktif,7/8/2022,5/13/2021
41,Millisent Spong,mspong14@gizmodo.com,c493ec7a39ce13a171b7db45fb30c488,188-811-5145,pelanggan,tidak aktif,9/28/2021,3/14/2020
42,Marve MacClancey,mmacclancey15@hao123.com,0330c942a87191cf33ae1ef946932385,672-387-4402,admin,aktif,6/18/2020,2/20/2022
43,Osborne Younglove,oyounglove16@discuz.net,35ec1740407ae851142d5b200d54a05b,364-342-7954,pelanggan,tidak aktif,6/20/2021,3/14/2022
44,Rubina Muckart,rmuckart17@abc.net.au,322ddb8c0d2a7613b5c51e77d8daf76e,745-278-6323,admin,aktif,11/8/2022,4/29/2022
45,Chelsy Colling,ccolling18@samsung.com,1fbabb67e4eee0c2c0c92f37471a0833,960-298-2847,pelanggan,tidak aktif,1/23/2022,6/3/2020
46,Talya Noquet,tnoquet19@seattletimes.com,233cff62f434428c9eb40969651a5e31,358-520-2069,pelanggan,aktif,9/24/2020,7/15/2022
47,Phil Sole,psole1a@sbwire.com,83a9b15898e6b7773170f52f4cb59ae8,486-709-6006,pelanggan,tidak aktif,5/3/2021,8/27/2020
48,Brendan Holson,bholson1b@washington.edu,93b6b4a57fff958c2003da844167da45,577-604-7953,pelanggan,tidak aktif,10/14/2020,2/10/2021
49,Dehlia Lilburn,dlilburn1c@51.la,e4c2799ea956f8dd260a6a24ac8d3b7d,761-739-4202,pelanggan,tidak aktif,2/11/2022,4/8/2022
50,Calla Perring,cperring1d@yandex.ru,d37fa9704e8bb40f2c6ef1ae986fda68,628-104-1436,admin,tidak aktif,7/24/2022,12/2/2022
51,Collete Trace,ctrace1e@deliciousdays.com,189f96949b48e7b990105941c562b38a,351-351-7781,admin,tidak aktif,8/7/2022,9/1/2021
52,Gisele Kingscott,gkingscott1f@theglobeandmail.com,c94f14afaa9ba373e52443ed084e3ea4,706-472-7935,pelanggan,aktif,10/18/2020,10/9/2020
53,Sterne Colcutt,scolcutt1g@state.tx.us,ca1f87fd44dae587abf12a50df382980,548-984-3680,kurir,aktif,8/14/2021,2/27/2021
54,Danica Slides,dslides1h@weebly.com,be85e3c43b8e468251c614e8d4bee129,707-652-3283,admin,tidak aktif,12/2/2020,6/18/2021
55,Veronike Danahar,vdanahar1i@vimeo.com,c5995e53035f0c23b824e43904998fe6,361-430-6888,kurir,tidak aktif,12/3/2020,9/9/2021
56,Whitney Gianni,wgianni1j@msu.edu,00c14ad873b8de01d4603e5dba974f79,105-226-0900,pelanggan,aktif,8/29/2021,3/30/2022
57,Jolynn Gilman,jgilman1k@51.la,9fdecd22be0a954b90b23abc4ea2e4b4,741-414-0345,pelanggan,aktif,10/15/2022,6/23/2021
58,Jenny Schachter,jschachter1l@hp.com,a4ac7217ec632dce52ff77f24608d0ae,695-838-3947,kurir,aktif,3/5/2021,5/22/2022
59,Gar Van Arsdall,gvan1m@storify.com,49b03c3f80dcf9a9069dc8c1fdce15d3,428-901-9567,admin,tidak aktif,10/28/2022,9/20/2021
60,Marrilee Winsbury,mwinsbury1n@sakura.ne.jp,f25ccc3bb534b13463e0901efbed0370,909-165-4584,kurir,aktif,9/4/2021,9/17/2020
61,Federico Niessen,fniessen1o@i2i.jp,7f96857b9035c9b8a8918f4728abef87,671-288-2683,kurir,tidak aktif,11/25/2020,11/28/2021
62,Jessi Partrick,jpartrick1p@php.net,9aad597934a0f8e69f7f856c54052309,662-707-6753,admin,aktif,11/7/2020,6/18/2021
63,Tedie Fauning,tfauning1q@yellowbook.com,e9418c4b3c3aeb18c36558d204b84f36,662-799-5375,kurir,tidak aktif,5/4/2021,9/3/2022
64,Pepi Kubiczek,pkubiczek1r@ustream.tv,596191dfd270e303a93a6ae2da5351b7,650-503-1713,kurir,aktif,9/22/2020,7/8/2022
65,Henriette Ranstead,hranstead1s@netvibes.com,f06d519d38259bd9c816b0c24c7fbd49,943-399-3686,admin,tidak aktif,4/13/2022,12/3/2022
66,Crichton Karim,ckarim1t@pinterest.com,124b60c7551a785e8c6e2f70c93388ef,444-531-2013,admin,aktif,4/26/2020,4/27/2021
67,Georgena Semrad,gsemrad1u@latimes.com,8664286a932766d3daab44ac3f184d46,695-401-9381,pelanggan,aktif,8/2/2022,6/19/2020
68,Davide Pickle,dpickle1v@barnesandnoble.com,72ac87135324d054db5b07b117b2092b,383-754-0249,admin,aktif,2/10/2022,11/13/2020
69,Lamond Lerego,llerego1w@xinhuanet.com,f26e8744748add7112e35f5c00217ec8,347-822-9712,kurir,tidak aktif,10/10/2022,9/2/2022
70,Giulietta O'Kieran,gokieran1x@youku.com,6620809ceb037d432b0f199fad947c8d,818-121-1883,admin,aktif,4/13/2020,5/16/2020
71,Raquel Davley,rdavley1y@tiny.cc,ce9e4b6e549c5dae752391bac8019183,546-139-4833,pelanggan,aktif,11/21/2020,8/12/2022
72,Casey Dundridge,cdundridge1z@census.gov,2232b280e3e9250a8956b846289af7bd,650-272-0671,kurir,aktif,4/6/2022,9/7/2022
73,Beniamino Amber,bamber20@mtv.com,11a7d57ff23f95f9e74393d26464e243,284-184-5806,pelanggan,tidak aktif,6/14/2022,12/29/2020
74,Nathalie Petrovykh,npetrovykh21@narod.ru,66658fc435df2055222373c17e15defd,841-454-0862,kurir,tidak aktif,1/7/2022,8/17/2022
75,Maggee Greensite,mgreensite22@qq.com,835a666dea4be647c5a229d0c6742688,992-505-8588,admin,tidak aktif,9/26/2022,8/9/2022
76,Clark Purse,cpurse23@mayoclinic.com,acb0af267b7d13ef9119b10d3a6030a6,498-883-2618,admin,tidak aktif,4/4/2022,8/12/2022
77,Monti Alenichev,malenichev24@1und1.de,906d14b403b0baa82baff950da36f40f,268-414-7498,pelanggan,tidak aktif,1/23/2020,1/26/2021
78,Kurtis Boggs,kboggs25@yandex.ru,660455c4799443e9076e8510c5f926ba,181-849-7021,pelanggan,aktif,11/8/2022,10/20/2022
79,Abbe Alman,aalman26@freewebs.com,70714bd04d3863bd673f83a6378fde09,271-316-1465,kurir,tidak aktif,5/12/2022,5/11/2021
80,Michel Wickersley,mwickersley27@ebay.co.uk,0335ed4432bfdc2619a6c141ca677c31,935-632-2456,admin,aktif,6/18/2020,10/1/2020
81,Madella Floyed,mfloyed28@fema.gov,8a70ded9a321b4bcd2ec8146c81f6543,283-658-1458,kurir,tidak aktif,2/13/2022,2/10/2020
82,Leena Layton,llayton29@qq.com,42a5774a00120adb7a450eb7886d9630,546-860-7729,kurir,aktif,7/18/2020,8/19/2021
83,Abagael Essame,aessame2a@cyberchimps.com,73afb5acf5420e33fb84a774a4346b0b,300-808-5614,admin,aktif,1/9/2021,4/14/2020
84,Dory Lumpkin,dlumpkin2b@yelp.com,c3f58b92995aa196422fee30acbf1be2,757-630-0577,admin,aktif,3/14/2020,8/30/2022
85,Hyacintha Frye,hfrye2c@cmu.edu,b3bf0e5f70e24c624c30522ddea7eb79,222-814-7039,kurir,aktif,5/10/2020,9/13/2020
86,Ellerey Grinston,egrinston2d@nature.com,fb256de865914351d90e6bf5aa501f47,883-505-6906,kurir,tidak aktif,4/22/2021,3/10/2021
87,Finn Tubridy,ftubridy2e@wordpress.org,00460495e2b8e9c40d2a234c4d9d2228,557-297-1142,admin,aktif,6/13/2022,7/23/2021
88,Bobby Fitchell,bfitchell2f@furl.net,150882495adff7cf4f93fd3f44f720c6,783-772-5205,admin,aktif,1/3/2020,11/11/2021
89,Odell Dorrance,odorrance2g@ebay.com,45693fd4d245f74ff1811b905742e277,339-854-3542,kurir,tidak aktif,8/7/2020,9/20/2022
90,Ivette Checci,ichecci2h@sbwire.com,988ea5279b1a0ec54e2e4215db37d569,872-107-5198,pelanggan,aktif,10/25/2020,8/6/2021
91,Leeanne O'Henecan,lohenecan2i@t.co,cc3846df42c317b2323cd4b21d85dce3,680-179-6364,admin,aktif,5/29/2021,11/25/2020
92,Harriette Holyard,hholyard2j@ask.com,297cee85689c5f3acd9f1a1c680ba2d7,501-841-2847,admin,aktif,1/31/2021,8/8/2022
93,Aurelie Reckhouse,areckhouse2k@slideshare.net,c265b4e4507aa57632cd3a62ffc5ddea,951-886-0049,admin,tidak aktif,2/1/2020,1/13/2022
94,Teressa Reading,treading2l@bloglovin.com,d36d0c08c735e97c04d785e23ef0c4f7,369-890-8475,admin,aktif,6/19/2022,3/20/2022
95,Hadleigh Brehat,hbrehat2m@wordpress.org,d9a7e14fedcbadd7dc59ceace5d95db8,335-971-9465,admin,aktif,7/11/2021,11/25/2022
96,Kurtis Defraine,kdefraine2n@unicef.org,98b2c3a06df8bc6fbdbca01326b6d9c4,992-274-1841,pelanggan,tidak aktif,8/15/2022,5/23/2022
97,Celestyna Pallasch,cpallasch2o@surveymonkey.com,eceead4b3fe5d0c639c7bdd17a27c19c,703-444-3345,pelanggan,tidak aktif,9/26/2022,11/27/2021
98,Broderick Ochiltree,bochiltree2p@china.com.cn,460e665b0ffa04d590273e1ac763d049,643-149-9188,pelanggan,aktif,7/4/2020,7/31/2021
99,Gal Brussels,gbrussels2q@addthis.com,0003045ab6fb19fe5c2c19ec4ef16957,906-217-4312,kurir,tidak aktif,12/14/2021,11/18/2020
100,Wolf Cain,wcain2r@shop-pro.jp,f72c863ee70fa408183911c7163b76f9,578-119-3416,admin,aktif,1/1/2020,12/1/2022
101,Roxanne Gomar,rgomar2s@gizmodo.com,dd944b34ede86e3974f80f384e618195,876-106-3761,pelanggan,tidak aktif,6/30/2021,12/8/2022
102,Kizzee Chastney,kchastney2t@tripadvisor.com,ee1d857b51d4b07acfe3b5b249208d94,765-237-3594,pelanggan,aktif,1/13/2021,9/21/2022
103,Deb Filer,dfiler2u@soup.io,5e06d7429574a9dbcbf8fcbb51d76366,626-950-5638,admin,tidak aktif,10/15/2021,3/25/2020
104,Jaquelin Griswood,jgriswood2v@soundcloud.com,7aefe4f623eb07fed2ca6c75705af299,375-490-9029,pelanggan,aktif,7/26/2021,1/24/2020
105,Ruprecht Shadrach,rshadrach2w@jugem.jp,03b3d9cce28fb1d3cd12121b96df09d8,336-336-7148,pelanggan,tidak aktif,1/24/2020,9/8/2022
106,Erek Ragg,eragg2x@cnbc.com,0d19226b7d97c0d0bc6cc479b080f5c7,897-280-9711,admin,aktif,8/24/2021,4/24/2020
107,Dareen Czajka,dczajka2y@yellowbook.com,37c6de6b7993f1ac785256c9074a4de9,203-620-6761,admin,tidak aktif,1/23/2022,5/1/2022
108,Wilma Pestridge,wpestridge2z@google.com.br,e373e0da2e775b95b8d6529beed3141f,616-238-1430,admin,tidak aktif,11/27/2020,5/16/2021
109,Reuven Oppy,roppy30@yolasite.com,62894362221632497322c0d07bea08a0,509-158-4114,kurir,tidak aktif,9/14/2022,4/4/2021
110,Dyanne Taunton,dtaunton31@ifeng.com,309dfad160a1779de16aa98121462fa5,911-132-8923,pelanggan,tidak aktif,3/18/2022,9/18/2022
111,Janelle Luebbert,jluebbert32@alexa.com,ad34f83210506296c1c643720c4c8b42,184-908-1433,pelanggan,aktif,8/15/2022,4/5/2022
112,Zacharias Peaurt,zpeaurt33@godaddy.com,d9da3654057e12ac4769012161ea4409,404-277-6178,admin,tidak aktif,4/28/2021,4/29/2020
113,Maribel Pfeifer,mpfeifer34@google.it,d8f4a92ea8320a0d952bffe1bf9efa8b,606-562-6924,kurir,tidak aktif,2/12/2021,10/31/2022
114,Lynna Petti,lpetti35@edublogs.org,ba444337cbd9ca20c75fa3d0d9111556,386-302-6189,pelanggan,aktif,5/4/2022,6/11/2020
115,Karin Kaveney,kkaveney36@123-reg.co.uk,fc4d1235e2f09767704874704bb5f70c,437-869-5558,pelanggan,tidak aktif,11/22/2021,11/23/2021
116,Martica Britee,mbritee37@ustream.tv,4ba2a0e60b9267530fda384cd6a37233,906-304-3988,kurir,tidak aktif,5/27/2020,4/28/2021
117,Brittni Woodwing,bwoodwing38@chron.com,45d9cc3522d24cff488161d46cf00e01,529-721-5099,admin,aktif,11/18/2021,6/11/2021
118,Vivienne Melchior,vmelchior39@vkontakte.ru,eef7a3b25654720fa272d39b9898fae3,170-981-9857,admin,aktif,12/24/2022,10/2/2022
119,Angel Harring,aharring3a@accuweather.com,010df3be479c8975a9e9fbd00e72dc67,200-202-0549,admin,tidak aktif,5/31/2020,5/18/2020
120,Elsy Wandrack,ewandrack3b@github.io,50cd0b981934de4fea5a173aa972a38f,569-626-5046,admin,aktif,3/2/2021,2/2/2022
121,Rockie Rosekilly,rrosekilly3c@cocolog-nifty.com,26275651ff99af616a99d542eba85b2b,685-233-2555,kurir,aktif,2/15/2021,2/9/2022
122,Kenton Kalisz,kkalisz3d@webs.com,c951b62936d0ea0169f41a031c1c73d2,494-919-6788,admin,tidak aktif,11/11/2022,9/30/2020
123,Nicolis Odo,nodo3e@list-manage.com,7ec721b8a50a0403e3888af6bcc5d9be,933-581-6753,kurir,aktif,9/17/2020,4/13/2021
124,Ozzy Brotherhed,obrotherhed3f@imdb.com,4fa3c429ccf76c9fefe1c2643b28c3f0,158-220-6367,pelanggan,tidak aktif,5/16/2020,8/25/2021
125,Vachel Glasscott,vglasscott3g@gov.uk,32f5301b1b149f65651200bb0f1c7994,704-217-8646,kurir,tidak aktif,2/9/2021,5/12/2020
126,Nariko Feehan,nfeehan3h@constantcontact.com,8b8b523dabd1ac45a72d5a5b6714b6c2,146-306-1743,kurir,tidak aktif,10/31/2022,11/29/2022
127,Laney Hubeaux,lhubeaux3i@washington.edu,67a5edce7962bfc0e69338b48069c58a,433-439-1579,pelanggan,aktif,2/14/2021,10/26/2022
128,Link Paulsen,lpaulsen3j@indiatimes.com,67462d6fb35bcd4a4a8fde3bfc11499f,626-260-8707,admin,aktif,3/19/2020,7/12/2021
129,Mervin Farden,mfarden3k@posterous.com,c3a367b8fe1586b3dbfa776ac2bfff76,188-953-9081,pelanggan,aktif,3/24/2021,10/6/2022
130,Georgena Boal,gboal3l@e-recht24.de,b9b19efc59f4f3081a925dbfaac17e39,856-160-1916,pelanggan,tidak aktif,11/5/2020,6/30/2022
131,Lorilyn Crus,lcrus3m@amazon.com,d01ea4dd454361248a2cc180add21700,297-712-8639,admin,tidak aktif,1/6/2021,6/12/2020
132,Micky Nethercott,mnethercott3n@naver.com,9d346d2001df9985cc90697735f74570,452-490-3579,admin,aktif,12/12/2022,10/14/2021
133,Allina Yallop,ayallop3o@reuters.com,27116874d14088e1326be28ade413954,404-660-8057,kurir,tidak aktif,5/19/2021,9/15/2021
134,Abbot Senussi,asenussi3p@businesswire.com,ce0228276b795ae9600fb57dea817eac,888-865-9393,pelanggan,tidak aktif,5/8/2022,2/4/2021
135,Quinta Watford,qwatford3q@deviantart.com,f2e761370af663ff68e8b4f86e0c27f6,586-644-5615,kurir,aktif,9/28/2020,7/5/2021
136,Codie Mulheron,cmulheron3r@epa.gov,ac2e1205d30a2eeffee24c1dbb43c90c,919-495-6927,kurir,tidak aktif,12/2/2022,6/2/2020
137,Lorrie Dominetti,ldominetti3s@weebly.com,0cb0a66b17537c51500c7a4c420b6583,664-150-6966,kurir,tidak aktif,7/26/2021,7/26/2022
138,Bret Sebley,bsebley3t@shop-pro.jp,f8f7d9deccb4acab02deeecfe9282d77,138-480-9735,kurir,tidak aktif,5/12/2020,1/10/2022
139,Traver Loveman,tloveman3u@symantec.com,8b03f3b9d3287044aa46f2b393d0c17d,287-626-2168,admin,tidak aktif,10/16/2022,12/8/2020
140,Krystyna Brew,kbrew3v@infoseek.co.jp,8021401a5651e4543f95bff89b3e72c4,390-429-6916,admin,tidak aktif,12/6/2020,9/11/2022
141,Rubina Bridgman,rbridgman3w@hud.gov,bed12782f7a8f6dfc8276d09eeb07f43,780-480-5093,kurir,tidak aktif,3/19/2021,10/21/2021
142,Arden Owens,aowens3x@yolasite.com,f8e26fc2fe5b47d3c0a1e5c1287f2944,983-483-6412,admin,tidak aktif,11/6/2021,7/19/2020
143,Zed Tregunnah,ztregunnah3y@cpanel.net,79683d01ed885be89807621f1bf6aee7,557-564-3963,admin,aktif,12/17/2021,10/19/2021
144,Constantine Roscamps,croscamps3z@blog.com,16a2162daba9f59061246fa3664c5115,518-692-8477,pelanggan,tidak aktif,1/16/2022,9/17/2020
145,Charmine Robertz,crobertz40@google.cn,fa2399efd50df36a824a754a962bb0f7,996-612-6432,pelanggan,tidak aktif,8/4/2022,12/4/2020
146,Silvan Baskerfield,sbaskerfield41@elegantthemes.com,07ca8f4fbaf13406c065bddafc271cc8,464-201-9789,pelanggan,tidak aktif,5/2/2021,3/22/2021
147,Isidore Puzey,ipuzey42@mapy.cz,79184732e5da28a9fe147a6c09b7765c,299-416-2150,pelanggan,tidak aktif,7/26/2021,9/20/2020
148,Joanna Nielson,jnielson43@taobao.com,4e31b882f09c374ae886d97f2f3a4765,617-932-7015,kurir,aktif,8/24/2020,12/20/2022
149,Marguerite Nussey,mnussey44@xrea.com,f4a91b860d9478cdb8d465e286d52fcd,971-595-0665,pelanggan,tidak aktif,8/23/2021,4/16/2021
150,Queenie Crispin,qcrispin45@mediafire.com,2d55a97a1ea72a76a1fde52419766100,522-544-6597,kurir,tidak aktif,1/10/2021,5/23/2020
151,Ada Burkill,aburkill46@springer.com,e8f0d34ac21f291d6b13d76938ababc7,973-602-8354,admin,aktif,10/7/2021,12/5/2021
152,Roth Willshere,rwillshere47@ihg.com,56b2aa710818c205caad6a9ee69c9939,804-193-5683,admin,aktif,8/2/2022,12/20/2022
153,Jarvis O'Looney,jolooney48@google.com,dcb4b6988c5e93ed05c02e23c716cf1e,167-957-5683,kurir,tidak aktif,1/24/2021,1/22/2022
154,Britney Lydiatt,blydiatt49@dmoz.org,1ef7fd9558e922e33be4be1910b59fc5,364-319-9553,kurir,aktif,6/24/2021,4/2/2022
155,Dorice Desaur,ddesaur4a@cisco.com,c36d24150857eaaa40f03b5ddb273fd6,888-288-6953,pelanggan,aktif,4/9/2021,4/26/2022
156,Claire Greenacre,cgreenacre4b@blinklist.com,a88e13e604501fd72ee6ada7ff39fd74,862-716-5451,admin,aktif,10/21/2021,3/19/2022
157,Carina McGoon,cmcgoon4c@ihg.com,4c2549615d9fd07e028125a714d48db7,369-488-0422,admin,aktif,6/14/2022,10/2/2022
158,Farlie Gouldsmith,fgouldsmith4d@netvibes.com,ee9c0d41c99c67a68cbccbf897244d81,591-315-2816,kurir,tidak aktif,1/10/2021,3/10/2021
159,Chrysa Pocknell,cpocknell4e@senate.gov,c6006c5e78f83f24fe5ba20467af4fc1,688-755-8565,pelanggan,tidak aktif,3/19/2020,4/8/2021
160,Merna Pryke,mpryke4f@barnesandnoble.com,19d30019765d857170001a0cbaf1d7e0,914-516-3781,admin,tidak aktif,6/26/2021,2/6/2021
161,Corbett Swallwell,cswallwell4g@globo.com,6253b81ece5c745541eed66b2b549baa,517-422-5697,admin,aktif,3/9/2022,2/15/2022
162,Dilan Merrell,dmerrell4h@engadget.com,ec33ab451399188821c7690aeae4eb42,694-291-0722,admin,tidak aktif,3/14/2020,7/22/2022
163,Ave Luckhurst,aluckhurst4i@w3.org,a19ef1470fbaf02d947db2dd2667948e,619-422-4837,kurir,tidak aktif,6/18/2021,9/9/2020
164,Rosalynd Boughen,rboughen4j@usda.gov,f2b894997483f22f6c561fdf22239e7b,659-245-6818,admin,tidak aktif,6/27/2021,3/18/2020
165,Barnard Vala,bvala4k@multiply.com,cb0ab3d489a5ad5f822c8c7b2bf157a8,343-617-3962,kurir,tidak aktif,9/15/2020,9/28/2020
166,Clare Fontell,cfontell4l@163.com,e295a2b04029720588f516de67f33fff,618-288-0142,kurir,aktif,7/19/2021,9/10/2020
167,Dolorita Hannis,dhannis4m@toplist.cz,2bda3ab3dfb3a9f0868c5a7005967084,963-591-2353,admin,aktif,8/10/2020,12/23/2022
168,Chick Bewly,cbewly4n@fda.gov,c691a4be7284b8466393e3e5aaf5bf5d,498-435-9716,pelanggan,aktif,11/27/2020,7/15/2020
169,Peterus Karpfen,pkarpfen4o@arstechnica.com,3d0d1f48969e6cbc793b235bc7aa282e,741-426-2695,pelanggan,aktif,3/3/2022,5/9/2022
170,Blythe Banbrook,bbanbrook4p@list-manage.com,415277dec86ae69f109835a37762b167,854-653-8612,kurir,aktif,8/22/2020,8/24/2020
171,Amalle Greenwell,agreenwell4q@nbcnews.com,65be8db817a65411067ef57a556d707f,830-788-7936,pelanggan,aktif,7/21/2022,1/1/2020
172,Moria State,mstate4r@wired.com,7caa2a00d887e862565c13a57eddd99d,215-417-0375,kurir,aktif,5/23/2020,5/13/2020
173,Brendan Couser,bcouser4s@nytimes.com,e539f45af70b497dd5d6ec0aa3e7c9b9,750-736-5336,admin,tidak aktif,12/16/2021,2/16/2020
174,Corabel Tindle,ctindle4t@oaic.gov.au,6158077228e4779f542c7b120d0d5922,925-977-5180,admin,tidak aktif,2/19/2020,12/9/2020
175,Agnesse Wolsey,awolsey4u@cafepress.com,d13b9abbf5534e978a85b5afd95971af,276-663-7944,kurir,aktif,9/19/2022,11/13/2020
176,Roger Pietrowski,rpietrowski4v@stumbleupon.com,d82ac7c75460fc3c74acb16b7f02a326,212-191-5031,pelanggan,tidak aktif,12/30/2021,11/10/2022
177,Carlee Bluck,cbluck4w@bbc.co.uk,915744884e92f7c49373bd3c5f10cbec,284-492-0084,admin,aktif,2/11/2022,12/25/2022
178,Godfry Plues,gplues4x@etsy.com,8c5230ff860ce2d398e77e43fcc87a17,925-957-9486,pelanggan,aktif,4/17/2022,7/5/2022
179,Myriam Hause,mhause4y@ask.com,a0f3b33533f0278c82b780c88c636a98,440-966-7748,kurir,aktif,12/20/2022,7/5/2021
180,Fancie Yellowlee,fyellowlee4z@businessweek.com,5b2950bb9a25f8a6e48d501bd728b000,984-939-2133,admin,aktif,12/17/2022,2/8/2021
181,Ignace Duddridge,iduddridge50@so-net.ne.jp,213d6021643eb59985e6ff52cca0d529,566-369-5205,kurir,aktif,6/16/2020,5/20/2021
182,Ange Avo,aavo51@ning.com,8a1ea3dee26afde24442b6134b1a72c0,913-581-1335,kurir,tidak aktif,11/23/2021,3/30/2021
183,Meta Chamberlin,mchamberlin52@bloomberg.com,ecc7e8faf4f0d1e7077d1267c5759c4c,599-618-8698,admin,tidak aktif,12/19/2021,9/2/2020
184,Roanna Samet,rsamet53@list-manage.com,425d848c4aa2a283a6795cfd06c373cf,365-613-5502,kurir,aktif,10/30/2020,9/4/2020
185,Ive Pealing,ipealing54@sphinn.com,ab11037e7f8958b9fb26df35a71a6416,613-142-0653,admin,tidak aktif,12/29/2022,7/23/2020
186,Danna Gandy,dgandy55@google.cn,7724fa781f8d5169b2a30d71b693933b,782-606-4339,kurir,tidak aktif,8/30/2020,12/24/2020
187,Slade Morris,smorris56@cloudflare.com,4f58be9b89703fb16b1f89d60110e88c,101-616-1212,admin,aktif,9/24/2022,6/17/2020
188,Olvan Taillard,otaillard57@toplist.cz,8d2e4414c4e257bfefddccb6f9ed285c,984-690-5626,admin,tidak aktif,4/25/2020,1/14/2021
189,Karlen Roebottom,kroebottom58@usda.gov,0ce8504c06c334dcdc504a8588eefda4,873-797-8217,kurir,tidak aktif,11/13/2021,5/21/2022
190,Tallia Carnoghan,tcarnoghan59@prnewswire.com,96c7711c99e5b4781f44372e11837da4,678-382-9106,admin,tidak aktif,4/24/2022,6/27/2021
191,Paulette Pudner,ppudner5a@vimeo.com,0b5d1fb94eb939c31ebd1f18488f7976,607-307-8800,pelanggan,tidak aktif,2/14/2021,3/13/2021
192,Craig Bradmore,cbradmore5b@drupal.org,23a46550a72e00476a7976d0028a88d8,172-209-1403,pelanggan,aktif,1/9/2022,10/15/2021
193,Audry Bramstom,abramstom5c@uiuc.edu,11fed1af4a98b77f99bec13a60a0e9e7,901-349-1461,kurir,tidak aktif,8/2/2022,6/24/2022
194,Marven Cancutt,mcancutt5d@biblegateway.com,35e2c00e61464cb795cda6b95ed94877,428-319-1896,kurir,aktif,7/8/2020,7/16/2022
195,Lucian Gallaher,lgallaher5e@mashable.com,59b88742c6e6f59aec20e7d820f24604,217-258-7642,pelanggan,tidak aktif,11/5/2020,2/7/2022
196,Rosemaria Frisel,rfrisel5f@de.vu,f09359233cf23a78c8ffe67eedd50233,309-435-1471,pelanggan,aktif,5/9/2022,5/18/2022
197,Estella Ashenhurst,eashenhurst5g@berkeley.edu,54d1bf07614fb94cf4c8aa9814667a5e,979-731-6044,admin,tidak aktif,3/22/2022,1/2/2021
198,Lazarus Bolding,lbolding5h@exblog.jp,6792a01154c2b6486ffac6a5240143df,242-750-6484,admin,tidak aktif,12/4/2022,9/6/2020
199,Renell Cuffe,rcuffe5i@nationalgeographic.com,ef6e4050e82d8c2d296b91f97bbeeecb,569-861-3525,kurir,tidak aktif,11/4/2022,4/10/2022
200,Vonnie Celler,vceller5j@wp.com,4d999865d4e4b98ea0294c6420d2a0db,567-487-7034,pelanggan,tidak aktif,5/23/2022,3/11/2020
201,Hanny Ridwood,hridwood5k@yellowbook.com,038f1959389d8aad70a379ff2198a082,114-728-4524,kurir,aktif,11/26/2020,3/26/2022
202,Emelen Philipsohn,ephilipsohn5l@imdb.com,4bb52f50b63ded5166b45542bf721679,500-419-0050,pelanggan,tidak aktif,7/9/2021,3/7/2020
203,Christabel Shave,cshave5m@fema.gov,d5cbcf54a4f904f118c12ee3e4e11167,322-259-5568,kurir,aktif,6/18/2020,6/29/2022
204,Trevar Bettesworth,tbettesworth5n@myspace.com,9e5774097b63a5de15008c5c0645b72a,353-355-1059,kurir,tidak aktif,2/17/2021,1/19/2020
205,Issie Dufoure,idufoure5o@tuttocitta.it,4249d0b09df5d2811f93d1d705b46226,441-597-6695,kurir,aktif,10/3/2021,8/13/2022
206,Nananne Boyse,nboyse5p@washingtonpost.com,478b9588c68b3ca78786230a93605660,907-124-0708,admin,tidak aktif,1/10/2020,2/5/2021
207,Erroll Pendle,ependle5q@elegantthemes.com,e70e4cc8e08f27e0d6c826225722ddc9,916-533-2523,pelanggan,tidak aktif,10/20/2020,8/26/2021
208,Juli Vannini,jvannini5r@hatena.ne.jp,f8d1f05b083c76cec761a112c6fbbead,890-285-0559,admin,tidak aktif,6/12/2022,4/19/2020
209,Averell Castro,acastro5s@google.fr,342e4d6ccd3b0ad39bba2eb4b8ff2d6e,410-109-7633,pelanggan,tidak aktif,5/20/2020,12/2/2020
210,Rudy Clarey,rclarey5t@state.tx.us,38581a450ff2babd4a8f6b8589bb1be9,182-240-5915,pelanggan,tidak aktif,1/6/2020,4/4/2022
211,Noemi Meys,nmeys5u@state.gov,36a82a56f4ecc02cf1a51e39e006371d,443-351-6983,kurir,aktif,7/29/2021,5/10/2021
212,Robinette Renon,rrenon5v@guardian.co.uk,a30d9ecca299e79e830a5d8c767cfea9,465-853-9249,kurir,tidak aktif,11/17/2021,5/29/2022
213,Ignacio Shilvock,ishilvock5w@mapquest.com,09ea7b4fec5e09989fca14b16d601307,252-579-3373,admin,aktif,10/29/2021,5/26/2020
214,Betta Glasheen,bglasheen5x@yolasite.com,1ce2b7810e035775218d14af67b3768d,786-336-5331,kurir,tidak aktif,6/2/2020,3/2/2022
215,Delmar Ros,dros5y@nature.com,ede0ea654290b9a26c56c6fdae3507ce,733-200-2536,pelanggan,aktif,10/31/2020,2/13/2021
216,Otto Mooney,omooney5z@about.com,6240a7036d18f189507474af99e2b09c,359-796-5211,pelanggan,tidak aktif,8/20/2021,9/14/2021
217,Donella O'Corr,docorr60@redcross.org,a052fff0591f31050384501d7850b855,995-980-6346,admin,aktif,5/28/2021,10/6/2021
218,Dag Larkby,dlarkby61@bloglovin.com,2fc1eb79ae570db209384f3276cc4928,339-657-8599,kurir,tidak aktif,8/4/2021,1/19/2021
219,Row Stockings,rstockings62@privacy.gov.au,17ea7d753ec3239bad66386dc4a804a4,689-109-9788,admin,tidak aktif,8/6/2022,10/14/2022
220,Lil Fantone,lfantone63@pinterest.com,5b14430107e0a7b8d1cbc3d1c935338f,494-112-2522,pelanggan,aktif,10/13/2020,11/8/2020
221,Erhard Halsho,ehalsho64@springer.com,feda19517d812cd29d2e1b801a8c9cea,639-522-7909,kurir,aktif,6/23/2021,6/29/2021
222,Gigi Few,gfew65@oracle.com,bb95cdf6965f74dbdb0e9ddab7cc6013,345-410-4324,kurir,tidak aktif,1/24/2020,9/26/2020
223,Sidoney Fuentez,sfuentez66@amazon.com,a77e2f6cab562a14a6206815c8305c54,471-422-6791,pelanggan,aktif,3/9/2021,1/9/2021
224,Reese Harrell,rharrell67@marketwatch.com,8effe970c52faa2f552dc005390beb92,364-480-3437,pelanggan,tidak aktif,7/21/2021,4/9/2021
225,Sascha Phippen,sphippen68@unesco.org,eb58131999af9d2709917de6a7549bda,294-776-2736,admin,tidak aktif,11/21/2022,7/19/2021
226,Sib Haslam,shaslam69@webmd.com,dd1fa897fc8fb631fcc03c806c94186b,476-394-1848,admin,tidak aktif,3/15/2020,5/9/2022
227,Lidia Faveryear,lfaveryear6a@reference.com,b5e32bd39c2902dd5fafc217150de9c4,218-970-9243,admin,aktif,10/29/2020,11/4/2021
228,Constantine Duce,cduce6b@wunderground.com,c873ba1a6781cacc6565bd3f4e11ab63,897-997-6034,admin,aktif,3/24/2021,7/19/2021
229,Shannah Redon,sredon6c@biglobe.ne.jp,b35345cb0151f5be313bfdb87eaeb1ed,306-434-2160,kurir,tidak aktif,10/6/2022,3/27/2021
230,Dur Lavallin,dlavallin6d@auda.org.au,8fa9e5c79fd81ec2555c0b21c60a95e0,292-505-2039,admin,tidak aktif,10/29/2021,9/9/2021
231,Ki Pirrie,kpirrie6e@ovh.net,c6053cfb5ad97de5bc1914c200a09347,270-251-5955,pelanggan,aktif,6/3/2021,5/24/2020
232,Constantina Juszczak,cjuszczak6f@baidu.com,5a60a95ffbc9f2b22f3df42537ce22af,556-260-3383,admin,tidak aktif,5/21/2022,3/16/2020
233,Johna Rubinfeld,jrubinfeld6g@google.com.au,a9bb8931f0fd052c49ddec1b5adb6e02,412-592-9564,kurir,aktif,2/20/2022,5/19/2022
234,Ricky Pincott,rpincott6h@blogtalkradio.com,5ba5505d7ba468030b2cbd7b9f2c55e3,944-269-5830,pelanggan,tidak aktif,3/18/2020,1/19/2021
235,Tuck Pedracci,tpedracci6i@blogtalkradio.com,d0cc97ee183f2059ac894999ef667e44,431-274-7504,pelanggan,tidak aktif,6/24/2021,11/12/2020
236,Walton Dearnley,wdearnley6j@nhs.uk,abf05ee896ab68c9894454fc171115b2,316-240-6940,kurir,tidak aktif,9/28/2022,12/25/2020
237,Fulvia Crat,fcrat6k@delicious.com,b03854098c58a44b980fe0d0d13439de,787-392-0267,kurir,tidak aktif,2/8/2020,9/14/2022
238,Brook Killik,bkillik6l@google.com.hk,e18ef8d805042c8d0203f4967c1ef88f,412-817-9507,kurir,tidak aktif,8/20/2022,9/30/2022
239,Jill Ephson,jephson6m@answers.com,2516536e544d00421f6ff931f7d5d305,921-133-5223,admin,tidak aktif,9/15/2022,3/29/2021
240,Tamra Huggan,thuggan6n@sitemeter.com,35c5cea43e6eab480a684973a5103615,722-186-0704,kurir,aktif,5/29/2022,9/9/2020
241,Lorenza Vaneev,lvaneev6o@usatoday.com,ccb8e539b70a620eec2b9a92d852a8fe,556-778-9881,admin,aktif,9/28/2020,5/12/2020
242,Maurie Scatchard,mscatchard6p@t.co,76331d3f0ca1298695ca97b98a23775a,785-403-0480,admin,tidak aktif,9/4/2020,7/26/2022
243,Morena Iacovelli,miacovelli6q@wordpress.com,017d44ce4a76c4d59b0f52a4b17f7bca,410-604-3341,admin,tidak aktif,8/17/2022,7/27/2020
244,Dacie Eliaz,deliaz6r@yolasite.com,d4f0fe1bb155bd1c0ca681343f46090b,708-797-0155,pelanggan,tidak aktif,4/20/2020,5/5/2021
245,Nyssa Donovan,ndonovan6s@flickr.com,5568f10ac81d3b638f1d1afc18cdbcff,209-286-2925,admin,aktif,8/9/2022,4/17/2021
246,Adrianna Aiers,aaiers6t@whitehouse.gov,a8a05d5bbaf120ff3e94f3edc5cd3e81,814-431-7455,admin,tidak aktif,11/16/2020,1/30/2020
247,Arlee Brocklehurst,abrocklehurst6u@g.co,4bc44da69f40311c4be0145f4b13eaa8,584-978-1595,admin,aktif,2/22/2022,11/20/2022
248,Bondy Freckleton,bfreckleton6v@flickr.com,b4a181ffe453d7f1d81d02af86571f6f,259-244-2247,kurir,tidak aktif,3/14/2022,1/24/2020
249,Calypso Hendriks,chendriks6w@about.me,b0cfd4c473d02427b73fe6db4d830205,146-691-8264,admin,tidak aktif,2/4/2020,10/5/2021
250,Angelina Gwin,agwin6x@jalbum.net,97066b02189a722a886135f881814e34,821-176-1541,pelanggan,tidak aktif,9/6/2021,9/13/2021
251,Hamnet Pitson,hpitson6y@sphinn.com,9d26b58282d5f8558bd7204c99429b2f,917-168-1394,admin,aktif,9/6/2020,8/30/2021
252,Tabby Thackham,tthackham6z@oaic.gov.au,fd9f74162f215704ff138c7936f56864,308-593-6850,admin,aktif,11/4/2020,4/12/2021
253,Marcus Arkow,markow70@wikipedia.org,a24bc2cf91e524c9e9d1d1e8f529e41c,933-104-2435,pelanggan,aktif,9/2/2022,8/16/2021
254,Packston Hainey`,phainey71@bizjournals.com,460038f78fa42d809d87ea68982d6e31,825-441-8834,pelanggan,aktif,8/31/2021,1/23/2022
255,Rutherford Castelin,rcastelin72@fastcompany.com,9176929cf3d0adceaa2ea813687a091e,889-614-5266,kurir,aktif,5/30/2022,5/8/2021
256,Jarrod Buard,jbuard73@sina.com.cn,d44b68bdfbd1e99c9940e7983bc9107d,736-266-4738,pelanggan,tidak aktif,2/27/2021,9/27/2021
257,Pepita Fewtrell,pfewtrell74@studiopress.com,656d51b1f4ea7a6c3901e50bef84d943,228-133-3332,admin,aktif,6/30/2022,6/22/2020
258,Candice Rehm,crehm75@goo.ne.jp,b2541fc00ebb01f9f46685cab2aca24b,494-975-3690,admin,aktif,1/18/2021,2/14/2021
259,Seymour Edmeades,sedmeades76@hostgator.com,e7b790e16f445c92208ba0efd84d4bfb,112-352-4812,pelanggan,tidak aktif,2/2/2022,11/12/2020
260,Viviene Alesbrook,valesbrook77@discovery.com,adbe7de0a1020e4fb731ed6f5afc8b78,965-994-3798,kurir,tidak aktif,12/13/2020,1/24/2020
261,Liesa Ianson,lianson78@state.gov,ab4139db52de3b3f1f5285af790b4897,426-454-9694,kurir,aktif,6/30/2020,4/9/2020
262,Hedvig Rubinfeld,hrubinfeld79@weibo.com,46184d55523339f761e67817819068ee,589-258-4077,pelanggan,tidak aktif,9/28/2021,11/8/2021
263,Agnesse Pinchon,apinchon7a@i2i.jp,dc8e42016695883be13c3679ca894e11,952-968-2357,pelanggan,aktif,6/5/2022,3/16/2022
264,Goldi Gaylord,ggaylord7b@constantcontact.com,47c3335f796a8e3046f7cb387d69fc2b,390-878-3876,kurir,aktif,8/2/2020,9/28/2022
265,Maure Gisbourn,mgisbourn7c@infoseek.co.jp,448597b8fed79cfb2ac1a3806e983d41,435-823-8965,kurir,tidak aktif,4/5/2022,11/24/2022
266,Phineas Bowles,pbowles7d@indiatimes.com,332b24e5b729b1e594be630d3293883a,452-989-7541,kurir,tidak aktif,2/7/2022,4/9/2022
267,Kalle Johnsson,kjohnsson7e@macromedia.com,936079d2cdd54fa9137f5c6e5458d556,693-684-3411,kurir,tidak aktif,3/11/2022,7/13/2021
268,Rosabella Khristyukhin,rkhristyukhin7f@pbs.org,5346bcf33397c3b905be315715b2a1bf,975-662-1728,kurir,tidak aktif,9/9/2021,2/25/2022
269,Tawnya Cartledge,tcartledge7g@people.com.cn,ecdffd63972f64776dc718d64478d3c9,698-338-4039,kurir,aktif,9/11/2020,9/1/2020
270,Arly Robilart,arobilart7h@timesonline.co.uk,749ac0f7f1595fc47f38b7ee3881566d,488-451-7286,pelanggan,aktif,3/1/2020,9/6/2021
271,Elsi Treherne,etreherne7i@chronoengine.com,54bb7dde4f2dde56555f3962602f6bfa,733-648-3632,pelanggan,aktif,5/15/2022,5/28/2022
272,Susanetta Ratnage,sratnage7j@sphinn.com,40ee59f75554a0efff7abef2fe5e3664,482-405-6825,admin,aktif,11/9/2022,10/17/2021
273,Gorden Moggie,gmoggie7k@home.pl,a9f16fe7bcf71c715b6fb81a9015421a,679-705-4137,pelanggan,tidak aktif,7/23/2021,6/22/2022
274,Elbert Skryne,eskryne7l@1688.com,9b1923ca00d4bbae321502fe5c2b144d,366-378-9938,kurir,tidak aktif,1/22/2020,5/12/2022
275,Cindee MacAllaster,cmacallaster7m@cbslocal.com,57da37a8fbe71a096bf372c468e47db2,517-593-6400,pelanggan,aktif,12/3/2020,7/25/2021
276,Parker Douse,pdouse7n@jiathis.com,9ef6422d482e38f283042f095171a432,620-891-9734,admin,tidak aktif,1/19/2022,2/16/2021
277,Giana Gaw,ggaw7o@harvard.edu,b7eeb42da920b0df8aae8188510a7272,310-997-9807,kurir,tidak aktif,7/9/2020,7/9/2022
278,Chrystal Garrould,cgarrould7p@nbcnews.com,3a308bc7ef6f0b1b5458802b4e4f8939,826-605-3038,pelanggan,aktif,11/3/2021,1/3/2022
279,Gonzalo Batrim,gbatrim7q@upenn.edu,aa1910669d5b22b582ecbad7fae2bb96,512-836-7720,pelanggan,tidak aktif,11/15/2020,4/15/2022
280,Fiorenze Delamaine,fdelamaine7r@oaic.gov.au,f0baca01207cafae9789d9c74520a071,139-987-2521,kurir,tidak aktif,8/9/2020,11/19/2022
281,Carolan Forde,cforde7s@nydailynews.com,32aef7a8771cc4170d869c39c9b35824,414-346-8349,admin,tidak aktif,5/14/2022,4/10/2020
282,Lyndsey Finnie,lfinnie7t@nifty.com,443604a0ad100f81d456be22ab96806d,886-849-7864,admin,aktif,4/17/2022,9/27/2021
283,Neille D'eye,ndeye7u@cnbc.com,7a3f1c3f89174d0cbfd46139a3b83327,909-378-1338,admin,tidak aktif,6/3/2020,12/2/2022
284,Corenda Blackeby,cblackeby7v@cpanel.net,b0af7645af624f12ad5d3a0fa4db8cfd,919-902-4234,admin,tidak aktif,1/7/2021,3/15/2021
285,Tristam Wakelin,twakelin7w@hud.gov,c2230bb6956d4b5f9c26532ce255ff6e,607-947-7680,pelanggan,tidak aktif,10/20/2022,12/28/2022
286,Tabitha Sewell,tsewell7x@vk.com,dc2b901e7a74894277c9db14896302bb,686-993-0633,admin,tidak aktif,1/13/2022,9/7/2022
287,Carolyne Maughan,cmaughan7y@sun.com,0a4998d3e4445582bc73b198aeed8f30,475-372-5745,admin,aktif,5/17/2021,11/30/2021
288,Masha Allam,mallam7z@rediff.com,7befde655e6891c7463c3c43bf17b44b,915-892-5599,kurir,tidak aktif,5/23/2020,6/18/2022
289,Valeria Ditty,vditty80@google.ru,79a670b372e5e3f468acd22ccb5062e9,812-692-2645,kurir,aktif,4/23/2020,12/2/2020
290,Kattie Reinbech,kreinbech81@salon.com,f96d34467d2c8aa40fb3869b27c4e134,263-548-8125,kurir,aktif,3/1/2021,3/7/2022
291,Jacinthe Moffatt,jmoffatt82@purevolume.com,785183472c574e57e6352a2cad2f1e6e,434-143-4986,kurir,aktif,7/12/2022,6/13/2021
292,Trixie O'Monahan,tomonahan83@google.com.br,eed6918fd8db2f190d11d715e6b324ac,500-183-3392,kurir,aktif,12/13/2022,7/26/2021
293,Randi Segoe,rsegoe84@imgur.com,d17ef48b6094ad253be04f68471a1860,265-321-5343,kurir,tidak aktif,10/10/2022,5/8/2022
294,Haskell Bronger,hbronger85@phoca.cz,ce0ff22087da8252c37f0ef381c66484,849-372-9180,admin,tidak aktif,12/3/2022,11/14/2020
295,Brandie Robbe,brobbe86@1688.com,be070c7ea4ac797c83abd3d82a699b3b,528-852-1123,admin,aktif,4/7/2021,8/23/2022
296,Ruthy Lillistone,rlillistone87@homestead.com,81891cf8e510c47718b5505a2a9bab14,880-647-6527,kurir,aktif,11/7/2021,11/30/2021
297,Feodor McKeller,fmckeller88@photobucket.com,1a213312a4490225335104a2c940a6f9,120-763-3612,kurir,aktif,8/12/2022,5/6/2022
298,Tom Coners,tconers89@columbia.edu,4f429206bdab5d683d9b118435ba4933,724-708-1812,kurir,tidak aktif,1/22/2020,4/1/2022
299,Wang Jiruch,wjiruch8a@mail.ru,b12912026bb994160b76159b075e5c93,807-875-3539,admin,tidak aktif,1/24/2022,3/9/2021
300,Germaine Lennox,glennox8b@jimdo.com,76ae1ac28afbd48248bc52567354397d,851-656-4340,pelanggan,tidak aktif,1/8/2020,8/5/2021
301,Raimundo Gligoraci,rgligoraci8c@slashdot.org,f46085aebed5a5ca22e8094b1196b8cd,670-572-4164,pelanggan,tidak aktif,2/10/2020,8/29/2021
302,Aldus Gieraths,agieraths8d@about.me,848356917d6b2b52e05b74a13982ac59,668-319-6595,pelanggan,tidak aktif,12/17/2020,10/21/2021
303,Angelle Mosson,amosson8e@bigcartel.com,8ccbb7a5b9712ac5ffd0322838c7f383,517-669-4866,admin,aktif,7/10/2022,11/30/2022
304,Milka Keddle,mkeddle8f@google.co.jp,e6eea53610f56e1a8c5679df36a83eeb,205-886-2654,kurir,tidak aktif,10/14/2022,2/23/2020
305,Fiorenze Surgeoner,fsurgeoner8g@google.fr,bfea6825d6b2ea6503fd4a51f4c6ce8a,227-544-6971,pelanggan,tidak aktif,7/21/2020,2/4/2022
306,Kelsi Mustarde,kmustarde8h@virginia.edu,4c3bce585c9f1733251d7fab1e888ad6,529-613-7909,pelanggan,tidak aktif,9/27/2021,3/24/2022
307,Lyndell Local,llocal8i@alibaba.com,81fef471ce8d690229cd7f356e957029,883-167-0098,kurir,tidak aktif,11/27/2020,9/27/2022
308,Maren Alison,malison8j@ow.ly,4f9957c0a041227d884dad7e37e50d8e,325-367-0122,kurir,aktif,12/2/2021,5/4/2020
309,Faunie Moorhead,fmoorhead8k@about.com,030e1fd6d9a0caa8dc5c315bc53ccc73,113-167-7238,pelanggan,aktif,6/21/2022,1/13/2021
310,Micky Bendelow,mbendelow8l@about.com,b80152825ee2a244e6973e8a86f88d85,642-299-0413,admin,tidak aktif,12/28/2020,9/4/2020
311,Bonita Hartles,bhartles8m@multiply.com,7861347e0b3336bf4d0a1a5e1c8175e2,807-591-8264,admin,tidak aktif,6/19/2022,1/3/2022
312,Leontyne Cordelette,lcordelette8n@slashdot.org,b2736e9a34f77b8feb7f16902e1ee94d,834-640-8955,pelanggan,tidak aktif,9/17/2022,12/10/2022
313,Sharyl Amps,samps8o@smugmug.com,4f007291a7ec9e44cf336cbb22ff4b1b,224-690-0216,kurir,aktif,2/9/2020,8/4/2022
314,Roanne Laetham,rlaetham8p@psu.edu,ef0f6b7530756c953d0472ddf46f03a1,134-871-0557,pelanggan,tidak aktif,5/19/2020,10/18/2020
315,Frannie Alfonso,falfonso8q@yelp.com,ce30942a3908935cb62e86536cfcdc7d,959-248-1196,admin,aktif,11/17/2021,12/3/2022
316,Derk Pendle,dpendle8r@accuweather.com,6033f2cb014ee47d186886f58ae80ae1,332-378-1522,pelanggan,aktif,5/1/2022,1/5/2020
317,Katrina Camell,kcamell8s@nifty.com,1531f4535ae091687c65f5b39ff91597,288-950-8486,admin,tidak aktif,12/9/2020,11/2/2020
318,Aldin Somner,asomner8t@webeden.co.uk,a8d15254dbf8ff346d1b0a4883faf55e,259-190-6239,kurir,aktif,12/14/2022,6/26/2020
319,Misti Milksop,mmilksop8u@pinterest.com,9e1ed9287022a8d745ad67433baaf105,191-438-3224,kurir,aktif,9/21/2020,1/29/2020
320,Becca Dameisele,bdameisele8v@moonfruit.com,dac76327e9a28611f7c639ca8fff07a5,811-675-1928,kurir,tidak aktif,4/16/2021,6/28/2021
321,Miof mela Skelton,mmela8w@multiply.com,fe5a03c082668ed48d2146d9467d2dc2,218-568-4363,admin,tidak aktif,3/22/2021,6/4/2021
322,Sisile Vaux,svaux8x@guardian.co.uk,3b2cddc8823cb8df3b78349ea1e503e9,986-771-4672,pelanggan,aktif,11/10/2021,10/28/2020
323,Peter Skentelbury,pskentelbury8y@php.net,b8d9e90723d888e97f1339f950186596,297-745-8262,kurir,tidak aktif,3/19/2021,5/15/2020
324,Ermengarde Gourlie,egourlie8z@joomla.org,9653ce40d3e8e3ed687c1b672794d4cd,666-986-3312,pelanggan,aktif,7/16/2020,11/9/2021
325,Elmo Riden,eriden90@list-manage.com,e50ca9d9d2150865b21f6502e30a3bdd,572-624-1017,kurir,aktif,4/23/2022,9/18/2021
326,De witt Godbald,dwitt91@state.gov,5d141bb31814ebb9490721d50dc4fafc,680-113-7027,pelanggan,aktif,4/4/2022,6/25/2021
327,Hope Truggian,htruggian92@nationalgeographic.com,3b5f44b53c1de0b1c2c7ad6a924451ab,743-717-4936,kurir,tidak aktif,8/14/2020,8/28/2021
328,Gaelan Jakes,gjakes93@gnu.org,58cd0b4cc9c79ca0e40b51bb76a8f604,265-715-1558,kurir,aktif,9/11/2021,3/12/2022
329,Florida Cicchelli,fcicchelli94@admin.ch,c60d10f4a8fc66efc7fdf604c7ddd5d1,502-360-6380,kurir,tidak aktif,11/15/2020,11/26/2022
330,Barnard Penylton,bpenylton95@blogspot.com,ef9bb5146103c0a4da418b590b6383cc,914-729-0351,pelanggan,tidak aktif,3/16/2020,11/4/2020
331,Sigvard Lucus,slucus96@discuz.net,84adc278568dd8b4be921b77f4b391f7,260-112-3907,kurir,aktif,12/19/2021,11/13/2022
332,Danice Burnyate,dburnyate97@china.com.cn,580b166b61ce44ca737a1b514ff6bca5,799-119-0997,admin,aktif,9/17/2022,5/28/2022
333,Dwight Baraja,dbaraja98@nymag.com,3f7d77b6ca7d578682e143f74e2c5389,688-154-4612,admin,tidak aktif,1/22/2020,9/2/2022
334,Hortensia Theaker,htheaker99@nationalgeographic.com,569a83ac91dde8425717f56d44e46607,417-967-6172,admin,aktif,6/5/2021,2/9/2021
335,Aubrette Barthelme,abarthelme9a@elegantthemes.com,a81abb4d4d90baab5be1177e808ec7ef,468-385-1464,pelanggan,tidak aktif,9/12/2021,7/14/2022
336,Ernesta Silcocks,esilcocks9b@omniture.com,5707ff80b3b8c0f498d97d1a6550f212,147-947-1539,admin,aktif,5/13/2020,11/17/2022
337,Sibbie Dyet,sdyet9c@odnoklassniki.ru,524e7c3459efc750c711f5ca88dba5ce,366-655-7817,admin,tidak aktif,1/17/2021,11/29/2020
338,Carlen Kirby,ckirby9d@lulu.com,c7457e41f0a2799924f7db413e358465,892-302-3372,admin,aktif,1/25/2021,9/18/2020
339,Ambrosius Benoit,abenoit9e@un.org,4810ad7a89f0bda6644ed3e2a3616b4c,510-650-0485,pelanggan,tidak aktif,7/8/2020,10/15/2021
340,Fidelity Belsher,fbelsher9f@reverbnation.com,a0d48c010ba8dc5fc688b48642fcd762,313-403-9535,kurir,tidak aktif,1/11/2020,4/21/2022
341,Lelah Abrahami,labrahami9g@example.com,f06673a44c120e06727f3b0dbe00f808,868-553-5610,admin,tidak aktif,4/14/2021,11/1/2020
342,Theodosia Spurett,tspurett9h@chronoengine.com,1c36ba325ecee876d8cf1e1caeac4326,872-248-3832,admin,tidak aktif,7/8/2022,9/3/2020
343,Laurel Feckey,lfeckey9i@hc360.com,7aac4120ba315b02015c088084c54def,227-685-6293,pelanggan,aktif,1/3/2021,3/22/2020
344,Tessi Heffron,theffron9j@gizmodo.com,a0089b04598ea59fbab95d310a32de71,718-196-2277,pelanggan,aktif,10/17/2022,2/6/2020
345,Jarrod Croasdale,jcroasdale9k@wikia.com,6e68003df4701f92ed910ce3378fd083,895-574-6713,kurir,aktif,9/4/2022,9/30/2022
346,Nevsa Cavnor,ncavnor9l@imdb.com,965648eee0ce3b2228c506716eee4da9,593-728-6994,admin,aktif,1/19/2021,8/7/2022
347,Myer Nashe,mnashe9m@columbia.edu,1b773d55777e42f46d6df10aa4de22d6,408-441-0626,kurir,aktif,11/18/2021,8/6/2020
348,Winfred Roath,wroath9n@pinterest.com,4d5f39bbb8fb517c79fcf1129dbff80c,314-280-0519,pelanggan,tidak aktif,10/14/2020,11/17/2021
349,Sherm Grainger,sgrainger9o@squarespace.com,b572ef8a2566c3c334b6aef214497d71,968-364-5253,admin,aktif,5/25/2021,11/9/2020
350,Agosto Stonelake,astonelake9p@phpbb.com,0aca24d53463562d8f96843e43a0b503,107-285-3229,kurir,aktif,2/24/2020,9/10/2021
351,Joycelin Lockey,jlockey9q@eventbrite.com,bba6597a5af04a0b24a57623eeb07804,251-713-5160,pelanggan,tidak aktif,9/21/2022,1/16/2020
352,Lars Thickpenny,lthickpenny9r@umn.edu,3072d376210b67d8576684d746518921,433-978-0831,pelanggan,tidak aktif,11/26/2022,3/17/2020
353,Ethelda Willmott,ewillmott9s@w3.org,84b924c21dfecffdc567ae7faa49585c,202-400-3652,kurir,tidak aktif,2/20/2020,6/12/2022
354,Sam Heckney,sheckney9t@technorati.com,c449a8c5e4fb290b1946b1e40eaef9c2,206-777-6947,admin,aktif,8/25/2021,10/1/2020
355,Kale Winslet,kwinslet9u@addthis.com,b6e6b1eb4fb5a5762fbedca5fe4af8b9,219-230-5677,pelanggan,tidak aktif,2/17/2022,12/13/2020
356,Welby Savory,wsavory9v@wordpress.org,0b3bae62ac00aa23855dafa31db1a054,830-993-5242,pelanggan,tidak aktif,10/7/2022,4/3/2021
357,Abigale Glisenan,aglisenan9w@rediff.com,a61867cb915d89e8c2286af20a94c705,189-644-0270,kurir,aktif,4/8/2021,9/27/2022
358,Cacilie Karim,ckarim9x@reference.com,30e73d48d16aa26b4829aa13dca6a514,741-565-9919,admin,tidak aktif,10/29/2021,2/24/2020
359,Antoinette Corry,acorry9y@independent.co.uk,66d492ab1e24c48b0fac0156238377a6,645-734-8377,admin,tidak aktif,7/18/2021,5/7/2021
360,Ida Wyss,iwyss9z@pinterest.com,596ee643908702b6e51ba274dcdbf861,854-537-7775,admin,tidak aktif,1/11/2021,5/17/2020
361,Margery Ciardo,mciardoa0@1und1.de,3639d9783b40ba63f2547ae109100222,472-587-9647,kurir,aktif,6/9/2021,7/16/2021
362,Aaren Clendinning,aclendinninga1@wikimedia.org,71c64d0d08689357a353a43328d4b652,247-373-2572,kurir,tidak aktif,11/8/2021,9/27/2020
363,Delano Alster,dalstera2@boston.com,e8f87bd72d4a6468fa6b3b950d42347e,901-320-8546,pelanggan,tidak aktif,11/4/2022,8/11/2020
364,Farrah Quiddihy,fquiddihya3@angelfire.com,fb9837e80e5627955ada303458620c34,131-436-7188,kurir,tidak aktif,7/23/2022,6/1/2022
365,Gaby Riggoll,griggolla4@wiley.com,60b1a06ea628c890c66f34800a2390ab,660-571-4098,admin,tidak aktif,5/3/2021,11/18/2021
366,Claudia Eede,ceedea5@webs.com,9f7220c640122658c9e2964c449f3f04,391-607-6210,kurir,tidak aktif,10/13/2021,10/15/2021
367,Alfy Swenson,aswensona6@google.nl,d4becb47b8a415bc06abd65238668dad,262-569-9356,kurir,tidak aktif,1/19/2020,3/4/2022
368,Cob Andries,candriesa7@qq.com,074caad74a7631ecbc86d88616012dd7,489-215-0999,kurir,aktif,7/20/2021,11/18/2021
369,Arin Pancost,apancosta8@netlog.com,4d86238359381c65d380874ba97977af,536-996-3108,admin,tidak aktif,9/27/2020,11/27/2021
370,Chilton Deble,cdeblea9@surveymonkey.com,57f52c68878b50d99aee3c275d424f56,676-336-6664,kurir,aktif,7/12/2020,10/12/2021
371,Evyn Rabidge,erabidgeaa@newsvine.com,4d6bc646ffa76f295e4f2b4723be97c8,269-974-6667,kurir,aktif,11/14/2022,2/22/2021
372,Abagail Matejka,amatejkaab@t-online.de,4a983b19853717142635b3dd44771a4c,448-590-1487,admin,tidak aktif,4/4/2021,6/18/2021
373,Mattheus Keaveny,mkeavenyac@va.gov,704e291f72663ccb424aa11e0acd03ae,698-672-5870,pelanggan,tidak aktif,11/4/2022,3/14/2020
374,Tremayne Doohey,tdooheyad@gnu.org,b61edccd161e8d887ffbb1306ccff332,865-259-9179,kurir,aktif,4/28/2022,7/6/2022
375,Alfi Sailer,asailerae@fc2.com,69cdc8d5c803e6214c2186a2480ac333,417-651-6797,kurir,tidak aktif,8/26/2021,5/11/2020
376,Randall Breens,rbreensaf@ow.ly,0c3f76d93152962bacf8e7fae0ea2b6b,292-967-3980,admin,tidak aktif,5/4/2021,1/17/2022
377,Rodrick Perelli,rperelliag@wp.com,40d4a08403997ade2ecccea78dbd5129,889-228-1828,pelanggan,aktif,3/10/2020,12/4/2021
378,Tansy Howels,thowelsah@friendfeed.com,8556682724a1b2d4d604bde70b2c5518,573-456-2284,pelanggan,aktif,9/11/2022,3/9/2022
379,Kinna Braithwaite,kbraithwaiteai@cdc.gov,cf6779a8fa3643bc71b5a600a15fbe92,224-291-1154,pelanggan,tidak aktif,1/16/2020,4/7/2022
380,Homere Tibbs,htibbsaj@eepurl.com,c0d7887035c546b85f421f98409f9306,667-770-2796,pelanggan,tidak aktif,3/12/2022,1/6/2020
381,Gaven Kulvear,gkulvearak@mit.edu,19db81195cd1d364150ec10aa9dcbe47,226-608-0437,admin,aktif,4/6/2022,6/6/2020
382,Raymund O'Mohun,romohunal@hibu.com,02cdbbbe7e110a1d03a91c5054e94435,692-110-4456,admin,tidak aktif,8/23/2020,11/7/2020
383,Brittany Karran,bkarranam@gov.uk,224ac132c8f07d25e5a563a797aa7d2d,917-154-6506,pelanggan,aktif,9/11/2020,3/19/2022
384,Roxanne Leroux,rlerouxan@biblegateway.com,37e246cb064abf078a96071a651fc13d,476-989-0903,pelanggan,tidak aktif,2/4/2021,12/27/2021
385,Andras Pridie,apridieao@goo.ne.jp,89a9d342c6e9aa3b889b5a88a8a17d08,840-307-6579,kurir,tidak aktif,7/21/2021,1/12/2022
386,Lavinie Rowan,lrowanap@wikia.com,8352b3f6502e730adec323c40631592f,315-140-3233,kurir,tidak aktif,7/25/2022,5/28/2020
387,Casandra Pahler,cpahleraq@xing.com,f7fcacbf54de641ccfa2efc9cba6f46f,404-957-3924,admin,tidak aktif,2/3/2020,1/24/2022
388,Valentin Loughman,vloughmanar@furl.net,8f0ce305177fea8b32f2a898010d53ca,538-779-4045,admin,tidak aktif,3/17/2022,9/3/2021
389,Rayshell Lawler,rlawleras@bloglovin.com,e0ae8799b9cea81a9f6c54b34fd603c6,278-659-8232,pelanggan,aktif,8/20/2020,6/8/2020
390,Melisenda Haines,mhainesat@woothemes.com,3df856b624501f472ee501c280eccc39,338-858-9125,kurir,tidak aktif,7/2/2022,10/27/2021
391,Wendell Duly,wdulyau@nymag.com,0eeba325713307d84c1f6059dacba1bb,420-352-4528,pelanggan,aktif,12/1/2022,9/19/2020
392,Lemuel Oganesian,loganesianav@quantcast.com,dfa95627c15381d4a2180c3a707f4d3f,983-734-9912,admin,tidak aktif,11/12/2022,8/2/2021
393,Freeman Romaynes,fromaynesaw@comsenz.com,b1378c5c12a79e17d4e3f74e2385041c,344-957-2171,pelanggan,aktif,11/14/2022,8/17/2021
394,Cara Enrique,cenriqueax@chronoengine.com,7249655cce3c92adc4779c1f891769d8,810-444-5366,pelanggan,tidak aktif,3/30/2020,4/8/2021
395,Arlin Kildale,akildaleay@is.gd,27bc71668cdc0a2054526c20f7633842,983-810-0140,pelanggan,aktif,9/30/2020,3/13/2022
396,Juliette Capitano,jcapitanoaz@acquirethisname.com,02aa1e6cadcabf2eb1a3593c88c82b3f,413-868-8013,pelanggan,tidak aktif,2/26/2021,5/17/2020
397,Allene Mell,amellb0@tripod.com,bfca6417a541073daba0cb8e276bca66,150-931-9617,pelanggan,aktif,5/31/2021,5/20/2022
398,Noak Coke,ncokeb1@shinystat.com,008afbba4e7c980207e41927aba7cd11,889-389-0655,admin,aktif,5/28/2021,9/7/2022
399,Lesli Shephard,lshephardb2@hc360.com,d40d3fdb71f0965832acc13168eee91a,651-634-4093,pelanggan,aktif,12/29/2020,9/13/2020
400,Sabra Garmons,sgarmonsb3@sakura.ne.jp,f3e03b370fb5f0c6d6c54ee3e77aa9af,985-159-2891,admin,tidak aktif,1/10/2021,9/5/2021
401,Denny Swalwell,dswalwellb4@alibaba.com,0c10a47a4bd30ac0c8ebb25376aee1bf,898-366-4288,admin,tidak aktif,7/11/2022,3/3/2021
402,Daven Amdohr,damdohrb5@typepad.com,cfe832d6f09471e4a1c15b9f06f0de88,777-621-3655,pelanggan,tidak aktif,1/22/2021,11/22/2021
403,Ambrose Wolvey,awolveyb6@chron.com,f291318f67de6c702675f7f7ba2f1970,510-150-9918,kurir,aktif,5/10/2022,5/7/2022
404,Anabel Flode,aflodeb7@storify.com,c3fa7c982bf246e2ff1ffa948f96d75c,469-318-9907,kurir,tidak aktif,7/27/2020,5/21/2022
405,Rosina Goodbanne,rgoodbanneb8@miibeian.gov.cn,0a456ec5317eef9f974c8afce4f857fd,489-592-7106,pelanggan,tidak aktif,3/28/2021,12/8/2022
406,Lurlene Gwinnell,lgwinnellb9@dyndns.org,dae06c1d38984643c94840296b7d5ef8,370-993-0749,admin,aktif,9/12/2022,7/11/2021
407,Curcio Pilgrim,cpilgrimba@ucoz.ru,2b0ba6641506234d6dda55b7f42e9463,684-957-7852,admin,aktif,7/20/2022,8/1/2020
408,Benny Burnett,bburnettbb@ox.ac.uk,3a7209e25ed0803fc92fad48ca7878ba,559-559-6517,pelanggan,tidak aktif,5/11/2020,4/9/2020
409,Eduard Swallow,eswallowbc@facebook.com,cce48f40194a372386572a9149adf742,780-939-1061,pelanggan,aktif,3/29/2022,1/24/2022
410,Asa Hicken,ahickenbd@va.gov,fe0f1b98936573ff5b52de55c22a33c4,769-200-8471,kurir,aktif,6/21/2020,11/20/2022
411,Noell Drought,ndroughtbe@apple.com,1c757fe9bb73f2e396fb3e8e0747e2e9,248-652-3032,admin,aktif,8/13/2022,7/19/2021
412,Spenser Hatherley,shatherleybf@1und1.de,0ec94423d3ba476f3d752fc890c0ccfd,425-310-3687,pelanggan,aktif,7/31/2020,5/29/2020
413,Andy Clarabut,aclarabutbg@independent.co.uk,88076fa570198635a9cc202c243ef4d6,581-830-3284,kurir,aktif,8/17/2020,1/6/2020
414,Kath Levington,klevingtonbh@lycos.com,cd99b82e21fb59cbe0a8f050397cda46,435-457-9043,pelanggan,aktif,5/11/2020,2/7/2021
415,Torrance Mussington,tmussingtonbi@hibu.com,ecf5a845ac3cad9a4a3dd54032069335,400-388-4285,pelanggan,aktif,3/3/2021,6/18/2022
416,Gabriella Physick,gphysickbj@comsenz.com,e95833ae3335829222fd2c4b03e3ecb3,134-247-5448,admin,aktif,7/31/2022,1/8/2021
417,Stacee Fligg,sfliggbk@weather.com,4e4af7dc6828ab20da37a42dc5b88ef5,749-254-5852,pelanggan,aktif,11/6/2021,4/26/2022
418,Sayres Davenhill,sdavenhillbl@microsoft.com,7b54490bf1a8bdd9934e5534b1790cef,303-113-3977,admin,aktif,6/25/2021,5/9/2020
419,Lilias Velten,lveltenbm@hao123.com,c39988100f2b6596dfe2fb47d7e5355e,804-351-6472,admin,aktif,3/11/2022,7/27/2020
420,Burty Schultes,bschultesbn@wix.com,48fc33e9e6398c6d25ee30eb54f8f40c,411-146-7181,kurir,aktif,8/25/2021,11/8/2021
421,Nil FitzGibbon,nfitzgibbonbo@angelfire.com,e9a6da0b4594926ac9380347806b0c5b,897-124-9812,pelanggan,aktif,12/9/2020,11/14/2021
422,Tierney Douce,tdoucebp@opera.com,bac1d680655a93c43d3e3f20cf278aaf,182-717-7797,admin,aktif,1/7/2022,1/19/2022
423,Baxter Conville,bconvillebq@bloomberg.com,9a490900b911121c48def52ffab9e301,593-612-0730,admin,aktif,4/12/2021,7/23/2022
424,Virgina Jeakins,vjeakinsbr@ameblo.jp,96c21e1c388bbc27601a514117a8e6b9,897-304-4931,kurir,tidak aktif,7/4/2020,1/25/2021
425,Tobit Watmore,twatmorebs@yolasite.com,f824fba216f83b2429df21d14f7b51e7,765-174-0356,pelanggan,tidak aktif,11/28/2021,11/30/2020
426,Bunny Hounsome,bhounsomebt@umich.edu,ccf7472c78af86945eec8e92c9c4dbe7,241-833-8091,pelanggan,tidak aktif,11/29/2020,11/5/2022
427,Georgie Nisot,gnisotbu@nationalgeographic.com,bb7aa593cd77a536b07a828c3deeee33,228-829-2351,pelanggan,aktif,6/20/2020,1/5/2022
428,Zebedee Emmot,zemmotbv@bravesites.com,ba1da220d4bf897e14aa29da7e78b451,597-258-7131,kurir,tidak aktif,1/27/2021,8/16/2022
429,Lowe Whitten,lwhittenbw@facebook.com,453b555d2b953e50c65727de59f71ed3,931-902-6007,admin,tidak aktif,10/16/2022,12/19/2021
430,Zita Gibbe,zgibbebx@stanford.edu,183566b8e1e8a7c51427e3ed68b1c8ee,847-697-8983,pelanggan,tidak aktif,9/7/2022,4/11/2022
431,Traver Archibald,tarchibaldby@macromedia.com,6ffb147ba850939c46b6a70c7e58f6af,423-353-7725,pelanggan,tidak aktif,8/3/2021,8/12/2021
432,Margaretta Wolseley,mwolseleybz@hud.gov,5cd6c0e5312f2ebce3403a4496d61203,478-798-2984,pelanggan,tidak aktif,6/11/2022,11/5/2022
433,Eden Plail,eplailc0@yellowbook.com,61dd51f6843faa7244f76eff4754a882,666-794-5582,admin,aktif,8/31/2022,5/20/2022
434,Milli Emblen,memblenc1@ebay.co.uk,c89c04f0ccc312573d97d42358233521,460-744-0667,admin,tidak aktif,5/9/2021,10/19/2021
435,Robby Moye,rmoyec2@linkedin.com,2fb907f21e551059ff53c3373dd299c1,189-288-7795,pelanggan,aktif,12/10/2020,5/29/2021
436,Omar Heathcote,oheathcotec3@smh.com.au,726c3a7fd635ddcc78f5f63452379108,552-115-7273,admin,tidak aktif,12/11/2020,8/18/2022
437,Joby Patient,jpatientc4@networkadvertising.org,73643fac94bacadcce2768089743951b,529-541-9193,kurir,aktif,5/30/2022,6/8/2022
438,Bobinette Nicklin,bnicklinc5@skype.com,bddebc873c91a405aaa9af2245b5a33c,212-668-5931,pelanggan,tidak aktif,5/1/2021,9/19/2021
439,Andre Iacovolo,aiacovoloc6@wikia.com,41f5b33265be1aa85e076f0518a28641,573-906-7276,admin,tidak aktif,6/29/2021,10/7/2020
440,Arlin Rosas,arosasc7@nytimes.com,8276dc0d2d9be1b0f448a8714fe6b52c,485-837-8491,kurir,aktif,7/27/2022,10/27/2020
441,Lind Doxsey,ldoxseyc8@webnode.com,8bf2ea8c0f2634d833febaf58c1b1c8f,266-485-5842,admin,tidak aktif,12/11/2022,9/17/2021
442,Dillon Ellinor,dellinorc9@examiner.com,518cb729580b8f72ff38e8a951f0ca71,101-784-2562,admin,aktif,3/27/2021,2/18/2020
443,Scott Philliskirk,sphilliskirkca@addthis.com,d93ac6f6f4b167df2e4e473098a07268,950-101-9703,admin,tidak aktif,11/19/2020,10/30/2021
444,Alanson Klausewitz,aklausewitzcb@umich.edu,63373710b0ea990caeb61ee157a4ecfa,842-337-6074,kurir,aktif,5/2/2021,7/14/2022
445,Cindy Fraulo,cfraulocc@icq.com,2fe0265390bd69b7797aecfe13c60a1a,412-702-9481,kurir,tidak aktif,4/1/2022,2/15/2020
446,Darrell Cuppleditch,dcuppleditchcd@google.co.jp,0ba1927d8b239938dcbdc69c33520327,646-248-1287,kurir,tidak aktif,10/15/2022,6/19/2020
447,Patsy Gurnell,pgurnellce@twitpic.com,967c62007811a89860d43d2f9be0f6f6,851-619-1782,kurir,aktif,10/28/2020,9/16/2020
448,Annadiane Chidzoy,achidzoycf@wp.com,aea6ba897da3efe30e2c85d5a26fe0bb,827-630-4483,kurir,tidak aktif,6/18/2022,8/15/2020
449,Hali Spriggs,hspriggscg@nature.com,3f0d1e6c5ba5ed327efc2135073b4449,709-972-3750,pelanggan,aktif,10/10/2020,8/13/2020
450,Goober Lawland,glawlandch@ihg.com,cdfccde62a0e417c25474a32fac08a7e,512-837-8269,pelanggan,tidak aktif,2/6/2021,12/4/2021
451,Jarrod Straffon,jstraffonci@tripadvisor.com,3cf12e2d3f21b3cd08cbb03fde4c4e4d,484-158-8567,admin,tidak aktif,7/20/2022,11/26/2021
452,Guillemette Logsdail,glogsdailcj@cbslocal.com,a8c09b3793b70e78a12772df34129da3,901-185-2484,pelanggan,tidak aktif,5/30/2020,8/19/2020
453,Jacqueline Tomasik,jtomasikck@networksolutions.com,993877c7a6c1e5e6a1f818cfeb5f8fba,498-270-5380,pelanggan,tidak aktif,2/10/2021,11/30/2021
454,Imojean Trask,itraskcl@businessinsider.com,7c50f7159df9fca467135c85c0e8a8da,725-713-4097,admin,tidak aktif,8/18/2022,8/30/2022
455,Idalia Blackhall,iblackhallcm@cafepress.com,2d0ac1145129448a7c07b01a80dc5e3a,182-750-4366,admin,aktif,2/28/2020,12/11/2022
456,Isaiah Ninotti,ininotticn@facebook.com,7bf3fc3000a6239a381145094875f2c4,280-180-1393,pelanggan,tidak aktif,2/8/2022,12/5/2022
457,Lynde Dank,ldankco@acquirethisname.com,71a745542167fd71f7f70760694c8150,555-572-8896,pelanggan,aktif,5/12/2021,8/12/2020
458,Maressa MacGebenay,mmacgebenaycp@hud.gov,b123c3d4c2f6ed4f7c23e19176e105c3,422-130-6146,kurir,aktif,7/20/2021,2/23/2022
459,Leoline Rodrigo,lrodrigocq@amazon.co.uk,3209b36d561bc56da68a9b857419af35,686-140-5058,pelanggan,tidak aktif,11/17/2020,5/2/2020
460,Corrie Graver,cgravercr@intel.com,ba1757f4be5c5e670675b9acfa17659f,352-699-3078,admin,tidak aktif,12/12/2022,12/23/2021
461,Godwin Feilden,gfeildencs@barnesandnoble.com,79ff98ec4b70332f2e2bda3e66c8e7f4,519-574-6950,kurir,aktif,6/29/2022,5/25/2021
462,Jacob Borham,jborhamct@statcounter.com,97cdd6952119738a1efdf31e78bb56b1,760-830-0879,admin,aktif,3/16/2021,6/17/2021
463,Olga Weale,owealecu@lycos.com,6bd12751664e7f4847fb0df3c9bc1177,647-859-0212,kurir,aktif,8/21/2021,11/21/2020
464,Adriano Mollin,amollincv@multiply.com,dc12e6174de15f351e4b2f76c636285e,163-784-3997,admin,aktif,11/11/2021,1/4/2020
465,Aubrette Croxley,acroxleycw@technorati.com,0df05ab082519c8913c10b89bf11fbfb,425-240-2449,admin,aktif,8/20/2021,3/29/2020
466,Darsey Richten,drichtencx@ihg.com,fbe680be9e4beb51efe8e0824a0d04ca,472-794-8654,kurir,aktif,3/1/2020,11/30/2022
467,Joseph Farnin,jfarnincy@paypal.com,911c86be26f164135802ee600815a026,489-336-4984,admin,aktif,8/26/2020,6/29/2021
468,Far McKinstry,fmckinstrycz@unicef.org,57fa018f2fdbc81ffc61d1cf5ecd98d3,478-539-4760,pelanggan,aktif,4/4/2022,9/30/2020
469,Anni Laverick,alaverickd0@oaic.gov.au,68f95acef065afdca419013cf8505a04,815-955-3877,kurir,tidak aktif,12/23/2021,2/8/2021
470,Cindie Ainslie,cainslied1@seesaa.net,f08cf973d857e4f464de86c9eda64854,459-201-2334,kurir,tidak aktif,1/7/2020,9/3/2021
471,Verine Quelch,vquelchd2@slate.com,55e2dad5adb16ad7eb00de83b64574c8,416-288-0696,kurir,tidak aktif,3/7/2022,7/7/2020
472,Jan Skeath,jskeathd3@arstechnica.com,f846bfbfe81a139edf869c555149fcb8,329-774-9321,admin,tidak aktif,7/24/2021,10/17/2022
473,Jocelyn Gaize,jgaized4@about.me,2ee04668447e4775dffe3547e0689c60,830-404-3162,pelanggan,tidak aktif,7/17/2022,7/27/2022
474,Beverley Kinghorn,bkinghornd5@histats.com,9e46b1186d91961aa342b8cec8e7e90b,570-446-6080,pelanggan,aktif,6/16/2022,11/5/2020
475,Giuseppe Everett,geverettd6@mediafire.com,bd6661ec3c32d0e97b9a8968ec336fa1,769-724-6359,pelanggan,tidak aktif,11/21/2022,7/20/2021
476,Jase Vince,jvinced7@webnode.com,5fd42d94abe71c2ad9202c054e4ca3d4,216-627-8224,kurir,aktif,8/5/2022,2/28/2022
477,Jervis Perago,jperagod8@ehow.com,c4513e78b9d3132c22af0d7a01379db7,464-405-7247,admin,aktif,10/13/2021,11/23/2020
478,Karoly Traite,ktraited9@businessinsider.com,4903ed8cb63694c6ac92bf9f241654cd,933-969-4469,admin,tidak aktif,9/21/2021,11/27/2022
479,Janel Patridge,jpatridgeda@addthis.com,3371440e1dfb74167ea2c931a825f57f,503-181-4218,pelanggan,tidak aktif,8/12/2021,12/20/2020
480,Rowan Zorzenoni,rzorzenonidb@sun.com,32a307853ee285b7a81086ad77104f08,612-780-7342,admin,tidak aktif,10/28/2021,7/3/2021
481,Brenda Izakson,bizaksondc@epa.gov,a5168647e9e8f72967030fa7c5429a43,203-648-0820,kurir,tidak aktif,3/17/2021,2/6/2022
482,Johnna Linch,jlinchdd@homestead.com,fefa498f0484a9f039e34dfc9e98065a,622-527-0870,kurir,aktif,3/7/2021,6/19/2020
483,Trix Bertelmot,tbertelmotde@state.tx.us,f3f04b6482d145c22e44699699879fba,315-914-9463,admin,tidak aktif,10/4/2021,3/17/2022
484,Gualterio Laux,glauxdf@whitehouse.gov,21e2b13b43ab00acce272e80eb6063d3,386-688-1322,pelanggan,tidak aktif,7/29/2022,4/17/2020
485,Elijah Abele,eabeledg@meetup.com,5794f7b5f7890bf8900b0235dea0d846,977-300-5673,pelanggan,tidak aktif,10/13/2021,2/28/2022
486,Donnell McDyer,dmcdyerdh@icq.com,01041aa5fabca207aa065dc1f66e3f85,209-459-7910,pelanggan,aktif,1/1/2022,4/28/2021
487,Sharai Sterland,ssterlanddi@indiatimes.com,e286ddb1891ef598de45b3dac1ac3093,886-236-2858,admin,aktif,1/2/2020,12/2/2020
488,Ynez Jacqueme,yjacquemedj@blogspot.com,871c8c4a74ac08e5bdb3a26ecbc8f0d3,184-539-5128,pelanggan,aktif,1/10/2021,10/18/2021
489,Blondelle Lauret,blauretdk@a8.net,d38415aab27b30c2403711ee9dc41e64,137-258-9189,pelanggan,aktif,6/19/2021,5/14/2020
490,Ronald Beeson,rbeesondl@seesaa.net,e914b9a76a294f580724581a9b31e541,642-927-5881,pelanggan,aktif,1/26/2022,10/16/2020
491,Clarance Huyhton,chuyhtondm@umn.edu,34ae4dd0807803c7a815ba546de4fa10,654-779-5550,pelanggan,tidak aktif,12/24/2022,9/13/2021
492,Efrem Arent,earentdn@sciencedirect.com,735d9ad5198d45f9c9bb11eb5c77b2f5,580-156-0223,kurir,tidak aktif,9/16/2021,7/3/2022
493,Abrahan Tomaselli,atomasellido@alexa.com,f485a0aeb991d4bea15c4b2464f5d853,244-795-9365,kurir,tidak aktif,3/12/2021,6/23/2020
494,Barrie Croci,bcrocidp@tamu.edu,c4d70a9c242eccc35021cf5c2e01bbcd,625-942-7831,admin,aktif,2/14/2020,3/16/2022
495,Gennifer MacKeig,gmackeigdq@t.co,fdee43b05b5367aad83b47d055085b0d,202-779-9032,admin,aktif,9/13/2020,4/12/2022
496,Rivalee Kloisner,rkloisnerdr@google.com.br,2e8079b5ce46d366718ac44493ce67f9,154-258-0149,admin,tidak aktif,5/17/2020,11/16/2021
497,Kira Kobierra,kkobierrads@state.gov,93372a626aa9d66b70a0971f50652a54,446-220-9307,kurir,tidak aktif,11/13/2020,7/7/2021
498,Mal Curnnok,mcurnnokdt@microsoft.com,2487dad98497c030aa33ded414afd2fa,562-588-5529,admin,aktif,4/1/2020,8/8/2020
499,Scot Banasevich,sbanasevichdu@blogger.com,934717c661d7d91b3300c7897b0fb455,802-166-9906,pelanggan,tidak aktif,12/24/2021,1/1/2020
500,Thia Casiroli,tcasirolidv@naver.com,9b3086a9b78d9b9748f004706118d098,248-705-1376,admin,tidak aktif,5/19/2022,3/3/2021
501,Joseito Robb,jrobbdw@woothemes.com,3421ce46d478658f0a15aa15875ca23c,546-611-8685,admin,aktif,3/23/2022,4/21/2021
502,Austina Yukhnov,ayukhnovdx@vinaora.com,13425a5991cf26c199b1b70122ebed5c,809-710-5692,pelanggan,aktif,1/14/2021,12/30/2021
503,Selena Archibald,sarchibalddy@topsy.com,a915c98f1808c9638ad329f371508f0f,999-231-9496,admin,aktif,1/7/2020,4/6/2020
504,Corry Legat,clegatdz@techcrunch.com,bc78ba49c04d51c3599f549831e904bd,331-595-8089,pelanggan,tidak aktif,12/14/2021,10/2/2021
505,Carroll Pechard,cpecharde0@nydailynews.com,f402ff36143d8b47b889139e1a4f3c56,686-995-7190,admin,tidak aktif,6/5/2021,12/3/2022
506,Phyllys Huffadine,phuffadinee1@nhs.uk,703d567a1335e9399a29cd46afc2964b,821-727-6222,pelanggan,tidak aktif,1/13/2021,8/8/2020
507,Marilee Hoult,mhoulte2@time.com,c3fa6607009ffc4e9e1f22eb30cee542,927-272-7865,kurir,tidak aktif,7/1/2021,5/11/2020
508,Frasco Josebury,fjoseburye3@phoca.cz,7f6c8c5b144ef31dbd25ea2fb12f1736,959-349-5120,pelanggan,tidak aktif,1/12/2020,2/8/2021
509,Willem Scrowby,wscrowbye4@opera.com,79e9b466e12869e8cc89a72c4f3ac46c,338-868-9476,pelanggan,aktif,4/20/2021,1/2/2022
510,Tad Hasney,thasneye5@thetimes.co.uk,c97eb469cf2dc7ddd6ed0f04e23c2270,363-377-0643,kurir,tidak aktif,1/13/2022,12/20/2021
511,Susana Donativo,sdonativoe6@ed.gov,f5fae8587fb8f8c5e7f7812da9d850ef,719-125-4303,pelanggan,aktif,7/3/2021,12/19/2021
512,Benedetto Corck,bcorcke7@amazon.co.jp,1cc21117ed35ea18ad2f012f667f935b,367-936-8600,kurir,tidak aktif,2/10/2020,5/25/2020
513,Oren Tommasuzzi,otommasuzzie8@whitehouse.gov,dfe7ee503a4af209ba4090998b6d5371,466-285-8249,kurir,aktif,5/26/2020,2/20/2021
514,Garnet Conachie,gconachiee9@icq.com,614dfc730e0cabb33055b4620d17526a,415-946-7724,kurir,aktif,4/14/2022,3/27/2021
515,Kitti Momery,kmomeryea@noaa.gov,23a52ec91d79d930aad245279641ca54,708-241-7067,pelanggan,tidak aktif,7/21/2022,4/1/2022
516,Ewan Goodlip,egoodlipeb@people.com.cn,e24fd7aa0ec26f0eefd835aac160c461,423-194-4074,kurir,tidak aktif,8/10/2020,8/20/2022
517,Alister Eilert,aeilertec@vkontakte.ru,e36900595c8003028e29a5c045a7626a,439-169-2333,pelanggan,tidak aktif,5/29/2020,9/28/2020
518,Flossy Bedinn,fbedinned@sohu.com,67f3e3fef30abad6684dcad0ed8a4252,704-740-8682,admin,tidak aktif,9/6/2021,2/26/2021
519,Alfreda Breton,abretonee@mlb.com,dcf71e7d82b668071b23a71fd25c25e9,422-617-6828,pelanggan,aktif,11/7/2021,7/25/2021
520,Natividad Cant,ncantef@360.cn,56bfc1371ecbf618a72a791111068c13,728-630-0829,kurir,aktif,5/25/2020,4/3/2022
521,Giuseppe Witherspoon,gwitherspooneg@sfgate.com,6751dde24a16133003e467110f3ddeb2,506-611-8477,pelanggan,tidak aktif,8/20/2021,10/24/2020
522,Emlyn Geeritz,egeeritzeh@latimes.com,e589dee75e6f56ba880c0b5d0f259184,991-840-0687,admin,tidak aktif,10/19/2022,2/12/2022
523,Stormie Becom,sbecomei@is.gd,16c1ee8504379ce4d42f2e98344f95f9,557-103-4602,pelanggan,tidak aktif,10/16/2022,8/7/2020
524,Tyne McCormack,tmccormackej@nifty.com,17582cc1905f0f73726734b8baf6d956,398-847-1185,kurir,tidak aktif,10/22/2020,3/4/2020
525,Bruis Tewkesberrie,btewkesberrieek@japanpost.jp,d747855b451c4955719a3d495403f540,221-445-5489,kurir,tidak aktif,7/7/2022,1/3/2020
526,Selma Gomm,sgommel@networksolutions.com,d954ebb5b2d503287170d04da3ca0a8b,790-305-2151,pelanggan,aktif,10/4/2021,7/5/2022
527,Eugine Janzen,ejanzenem@marriott.com,6b61eaa0411626fa48d9dccbd2dd6ca5,201-965-4966,kurir,aktif,7/9/2021,7/13/2021
528,Bambi Gillinghams,bgillinghamsen@xinhuanet.com,541b039a197feb3b361c354abddb3476,927-664-6942,kurir,tidak aktif,3/31/2022,8/3/2021
529,Hollyanne Loidl,hloidleo@china.com.cn,06e001045688dde2b91ec43835dbff70,984-438-8977,admin,aktif,5/1/2021,10/18/2020
530,Alexandro Dubery,aduberyep@ted.com,4fce05c89658c804f6990d9b330cf645,217-750-4919,admin,tidak aktif,1/26/2020,5/27/2022
531,Cathi Brittin,cbrittineq@npr.org,d8e3a01b9d8563fc6a1941453b8af899,457-621-7311,kurir,aktif,12/4/2021,1/19/2022
532,Artemus Christoforou,achristoforouer@ezinearticles.com,baa7c6d980f7e0a593c63d13f8c81d46,600-188-6587,pelanggan,tidak aktif,7/19/2021,10/24/2020
533,Orren Batistelli,obatistellies@ustream.tv,0f7d64758e341650a26d43e63fdcdc1d,730-262-3315,admin,tidak aktif,6/14/2021,6/13/2022
534,Glenn Royans,groyanset@ted.com,8afa9477c462bed623113cd4b4bf6e14,190-160-6890,kurir,tidak aktif,3/17/2021,10/5/2021
535,Fielding Gave,fgaveeu@mysql.com,cff5ebadcc01855c607b640cb1dd4447,771-381-2841,kurir,aktif,7/28/2022,5/14/2021
536,Gale Durden,gdurdenev@addthis.com,6d458b529d9531fac266c7d8858fdd05,205-132-3551,admin,aktif,7/6/2020,11/18/2022
537,Debora Como,dcomoew@trellian.com,f3686de21db575a8353eefaecc3e164e,954-300-5592,pelanggan,tidak aktif,10/15/2020,5/26/2022
538,Melinde Lennie,mlennieex@tamu.edu,c917837ce0657b53d99d59179db6588c,977-515-0598,admin,aktif,3/23/2021,1/1/2021
539,Esma Eardley,eeardleyey@desdev.cn,d796c86aee4bac73e3ffcf7ea1636f5b,821-236-0308,admin,aktif,5/10/2020,6/17/2020
540,Felizio Dommerque,fdommerqueez@gizmodo.com,6c6bad8eb4686198db1fb570db251790,669-342-8161,admin,tidak aktif,2/4/2022,2/2/2020
541,Tillie Darycott,tdarycottf0@cbslocal.com,389eac980d39fa41274a3392bfeaa28d,401-885-5460,kurir,tidak aktif,4/2/2020,11/28/2022
542,Casper Triggs,ctriggsf1@pen.io,48fdbc8a9bc40e904017c45c36edfe80,547-556-1543,admin,tidak aktif,10/9/2022,6/22/2022
543,Conan McFie,cmcfief2@free.fr,cbe714362f06dbf7574b5ae3c30cf746,440-328-7010,admin,tidak aktif,1/17/2022,7/25/2021
544,Reuben Horsefield,rhorsefieldf3@slashdot.org,7507d52c068b04a31b191c1c4285f1c7,757-320-8149,kurir,aktif,4/23/2021,1/29/2021
545,Trstram Beton,tbetonf4@pagesperso-orange.fr,48331aae9ae76ecb5ff3d4320282d1b8,165-664-1167,admin,tidak aktif,5/30/2022,1/17/2021
546,Jandy Godfrey,jgodfreyf5@pen.io,8cf682615fcde4d718057e57bca73cd4,387-707-1407,kurir,tidak aktif,9/20/2021,5/17/2022
547,Pauly MacShirie,pmacshirief6@army.mil,7b184250e6940dacb88dabb4bd1f6046,676-309-8826,pelanggan,tidak aktif,8/26/2021,12/21/2020
548,Flossy D'Aguanno,fdaguannof7@nifty.com,40cf8f6a09e247bead1d7973b412afa2,290-156-5445,admin,tidak aktif,11/28/2022,5/5/2021
549,Herc Deeson,hdeesonf8@webeden.co.uk,d5365aa67e28fb9339fc507994c2ff38,687-364-7771,pelanggan,aktif,11/25/2021,4/20/2021
550,Debee Jonke,djonkef9@cornell.edu,7bb1b2e7226ab006672e0a131a50a9ab,471-325-5289,kurir,aktif,8/30/2020,4/14/2020
551,Lea Kliesl,lklieslfa@tamu.edu,57d6eda777f5a40e2bbc4706f1cd7a83,933-373-2375,admin,aktif,10/27/2020,8/24/2022
552,Aldous O' Gara,aofb@wufoo.com,c9cbe01a97953741942cdae84c503c14,956-984-0125,pelanggan,tidak aktif,12/23/2021,10/13/2022
553,Ava Fessler,afesslerfc@google.ru,3132d28317b60f738ae2df1c24ef978d,761-472-8820,pelanggan,aktif,12/21/2021,7/26/2021
554,Arlyn Leeke,aleekefd@nydailynews.com,ddf3fe9035cfed106146563f0fc03253,519-226-6758,pelanggan,aktif,12/26/2022,3/3/2020
555,Purcell Nortcliffe,pnortcliffefe@europa.eu,4306252644c37c3dc64f6b49b5259914,202-252-6246,admin,tidak aktif,9/29/2020,1/21/2021
556,Tommie Rousel,trouselff@so-net.ne.jp,085af8954721a6b5024c0f08fe975712,329-506-0602,admin,aktif,10/24/2020,7/28/2020
557,Collette Hickisson,chickissonfg@reference.com,69a98712265fe1ed7490a205676c102e,837-635-3029,admin,tidak aktif,7/12/2021,8/28/2022
558,Niles Macro,nmacrofh@army.mil,aec9c54e3a3a657da05babac2c0080c0,873-543-8463,pelanggan,tidak aktif,10/17/2021,5/19/2022
559,Karyl Butten,kbuttenfi@mayoclinic.com,b36e39886235727d4b5f7e1ebb96581b,500-736-2964,pelanggan,aktif,11/8/2021,10/23/2020
560,Garrett Pendred,gpendredfj@zdnet.com,b3e3e62e8baa1bdab9419d01d3807ac4,755-595-5821,pelanggan,tidak aktif,10/31/2020,12/12/2020
561,Ruy Greatex,rgreatexfk@exblog.jp,72c9449aadb8498d549c04b2621518b1,177-521-6259,pelanggan,aktif,11/26/2022,8/8/2022
562,Mathias O'Donoghue,modonoghuefl@netscape.com,cbf4ffd861cc79c064a653870a3079b3,705-503-9926,kurir,aktif,10/7/2020,12/14/2020
563,Garrett Feige,gfeigefm@soundcloud.com,9e2defffeb13b8d06601f0426ef59ccf,992-860-0486,admin,aktif,9/3/2020,3/22/2022
564,Mordecai Leif,mleiffn@who.int,d6e18756397db56bb3f38176ba7c85bb,777-602-5940,kurir,aktif,11/18/2021,10/3/2020
565,Anneliese Scrammage,ascrammagefo@nasa.gov,0757727209ce1fd3ded901ac81125c01,767-422-8897,pelanggan,aktif,5/12/2021,7/5/2022
566,Arley Verman,avermanfp@biblegateway.com,94ff9f5ed8e3810e45cd1fd93c6eb4a8,114-814-0718,kurir,tidak aktif,8/1/2020,2/4/2020
567,Jannelle Abthorpe,jabthorpefq@time.com,212b3b1a7a14791dc0545ce29316da54,384-214-6142,admin,aktif,5/16/2021,9/21/2021
568,Sharline Sibyllina,ssibyllinafr@google.com.hk,cc38a79b59c146e64810bb3371abee47,896-715-9810,pelanggan,aktif,7/19/2022,10/8/2020
569,Colver Laugier,claugierfs@hud.gov,1075a08aae725abc0846cd301eee465c,640-455-4155,pelanggan,tidak aktif,8/18/2021,10/22/2022
570,Anny Alesio,aalesioft@tinyurl.com,1d047a6ca1c34aa5935396ed629fdce4,798-226-3208,pelanggan,aktif,12/2/2021,8/25/2021
571,Odille Pauli,opaulifu@soundcloud.com,c60fa2055c1397fde9153ded62f260cd,970-654-9288,pelanggan,aktif,7/13/2022,12/13/2022
572,Gerrard Tuhy,gtuhyfv@1688.com,5053016ea3e80e986cd7c9185dff7295,551-561-7277,pelanggan,aktif,1/28/2021,1/4/2021
573,Olwen Rubartelli,orubartellifw@bizjournals.com,ba7827ebc089757e6a382200b66e151d,930-945-4557,pelanggan,aktif,5/1/2021,11/4/2020
574,Vern Lepick,vlepickfx@nasa.gov,5a4b8a232ef64a4f96ac16714cf154cb,393-550-5370,kurir,aktif,7/23/2021,12/31/2021
575,George De Ambrosis,gdefy@nyu.edu,6d21d44381928fc690795f3a19b1a274,814-243-9876,kurir,tidak aktif,11/29/2022,6/14/2022
576,Stacy Menelaws,smenelawsfz@globo.com,938cddf841266fb06d8f164938cc887c,783-149-6021,kurir,aktif,8/16/2020,10/12/2021
577,Thom Ramet,trametg0@mediafire.com,80ad2991dfcc494adfa2092f908af5ef,865-388-1086,pelanggan,tidak aktif,9/27/2021,5/19/2022
578,Lek Kehir,lkehirg1@nasa.gov,9d112d834f3bd434975fc738caad4090,281-790-8933,pelanggan,aktif,4/3/2020,1/24/2021
579,Harrie Houseman,hhousemang2@ucoz.com,969dc490a10a2d070d29314c766b879c,947-399-8762,pelanggan,aktif,12/5/2020,12/24/2020
580,Elyn Bentje,ebentjeg3@mapy.cz,da790fa4f2411b7fbeffc2211b9a6503,931-890-9128,admin,tidak aktif,5/17/2021,10/3/2020
581,Guido Goulden,ggouldeng4@washington.edu,1d7cf01021d1dc05216f7fa8c5eaec0b,445-947-2405,kurir,aktif,8/1/2020,5/23/2020
582,Fons Oldham,foldhamg5@about.com,432cc8effc3f9757707a49d68d99fbdc,906-188-5683,pelanggan,tidak aktif,12/3/2022,3/24/2022
583,Dacy Vedenisov,dvedenisovg6@theguardian.com,91621b8ced932877988456ae1de99060,274-623-7120,admin,tidak aktif,6/13/2020,12/8/2020
584,Lucho Russan,lrussang7@wsj.com,114c65eb10bae0adb6af5f4fcba8233a,196-578-3045,pelanggan,tidak aktif,11/21/2021,10/26/2021
585,Kelley Wardrope,kwardropeg8@goo.gl,52747c8b3a5009aea97606648bf7c6ba,780-706-8916,admin,tidak aktif,11/18/2020,2/22/2020
586,Arman Dolligon,adolligong9@posterous.com,e6e3c55c0349fc8c166f0a2711939612,140-959-0738,pelanggan,tidak aktif,1/29/2021,11/3/2021
587,Jere Poor,jpoorga@delicious.com,cdb0d9bdd14894af84399640328555b8,953-972-6928,pelanggan,tidak aktif,9/5/2020,11/28/2021
588,Bryant Bicker,bbickergb@twitpic.com,79936afe1647d4ac15f402c1c7a45b9f,165-614-9799,admin,aktif,11/14/2020,1/4/2022
589,Jard Cherry Holme,jcherrygc@tuttocitta.it,2f2b42be226d034c957622807937c450,434-801-5523,pelanggan,tidak aktif,3/19/2021,1/15/2020
590,Prudence Maevela,pmaevelagd@dell.com,dbda74e7c18d81187b90a8396c09f41e,357-290-4183,admin,tidak aktif,2/6/2022,10/8/2021
591,Fin Shearn,fshearnge@wiley.com,5d724ba985811d0b83d13e0bfe2e99f4,932-514-0336,kurir,aktif,7/26/2022,6/6/2022
592,Gael McGuane,gmcguanegf@ft.com,270a6fdb69e171e037d8a7dfbd45d12a,581-192-7683,kurir,aktif,1/8/2020,2/23/2020
593,Milli Domerq,mdomerqgg@mediafire.com,400f0644b63cec79e5e8113d9757ac55,815-293-1555,kurir,tidak aktif,2/7/2020,8/21/2021
594,Hayyim McKerron,hmckerrongh@zimbio.com,ca1c64b92bfe62482256720ef4030250,530-377-9206,kurir,tidak aktif,9/15/2022,3/21/2020
595,Allen Marshall,amarshallgi@wsj.com,084c12e3619a5ea6d9b890a559066119,325-350-8552,pelanggan,tidak aktif,1/8/2022,7/8/2022
596,Sofia Mannin,smanningj@twitter.com,6ac32048654f014b1700409566afea88,909-570-0394,pelanggan,aktif,4/30/2021,11/14/2020
597,Hoebart Cadlock,hcadlockgk@livejournal.com,048d6a5bd3d3c8f10d68c21c622a64fc,300-496-7578,kurir,aktif,11/24/2020,2/27/2021
598,Enrica Fillis,efillisgl@dot.gov,9baea4c1ff1d618718248bb6cc7c2247,283-193-1821,admin,aktif,7/13/2020,5/26/2020
599,Bentlee Pring,bpringgm@merriam-webster.com,f834815bd983ff6c32c0b613e6662241,112-971-7568,admin,tidak aktif,9/20/2020,10/12/2020
600,Hasheem Townrow,htownrowgn@wikimedia.org,bca468932f18027d4903d48ef670430e,192-816-5233,kurir,aktif,6/27/2020,4/26/2021
601,Amalle Rylatt,arylattgo@t.co,a81abe3d6c1091e5dd4f2cd0816cc463,459-535-2155,pelanggan,aktif,4/24/2022,2/16/2020
602,Callida Rosenkranc,crosenkrancgp@behance.net,b3ae83ff537912196e478aa23efbe508,773-260-9127,kurir,aktif,9/9/2021,5/28/2022
603,Linn Dimock,ldimockgq@freewebs.com,73368699afb292bde9de0bc4ca921136,369-443-1601,kurir,aktif,3/26/2021,11/12/2021
604,Randell Charters,rchartersgr@uiuc.edu,580fb7585e296821843dfb825afff5cc,936-222-7493,kurir,aktif,7/14/2021,1/28/2021
605,Phebe Foottit,pfoottitgs@bing.com,808b2e2213cb2795b047e48bba0c0ad0,561-631-8826,pelanggan,aktif,7/5/2021,7/31/2020
606,June Brummell,jbrummellgt@homestead.com,550afe6c91db96eb4ac20bcfc0f616e3,269-410-2144,pelanggan,tidak aktif,9/12/2021,10/17/2021
607,Dorothea Howman,dhowmangu@cisco.com,993f0f778292bc15d984500ec9280e07,504-258-7721,kurir,aktif,11/9/2020,5/2/2020
608,Gayler Clack,gclackgv@vimeo.com,05676cfa459d39447db4faa8f70462a7,239-508-9515,kurir,tidak aktif,8/3/2020,3/12/2022
609,Michaeline Eastby,meastbygw@simplemachines.org,99d8a172243eeb2a50334bb69e9f36a9,402-681-8613,pelanggan,tidak aktif,3/13/2021,6/18/2022
610,Tab Grimsdale,tgrimsdalegx@jalbum.net,d5e8f353f9cd5e132d90d99a33ebf0ab,452-781-0274,kurir,tidak aktif,12/31/2021,9/27/2020
611,Martha Norsworthy,mnorsworthygy@printfriendly.com,46e2893227416425503c40dfa2d81028,468-832-5180,admin,aktif,4/6/2022,3/17/2022
612,Tanney Symon,tsymongz@last.fm,d4929c0acf8c986a9ca681703b998ecb,763-243-0435,admin,tidak aktif,7/13/2022,11/23/2022
613,Elsworth Ruddock,eruddockh0@free.fr,2ea3600f2423aa049e6fef10be80900d,109-843-0684,kurir,aktif,12/5/2021,3/4/2021
614,Sherrie Delatour,sdelatourh1@bandcamp.com,066daa4d45de1014e6a187a931d26a97,129-649-2986,pelanggan,tidak aktif,11/8/2020,9/26/2020
615,Hasheem Mieville,hmievilleh2@4shared.com,b0c393d2de60dce3fb3b4a89e8796f6b,846-200-4364,kurir,tidak aktif,8/1/2021,6/16/2021
616,Sadie Margerison,smargerisonh3@delicious.com,d59a034e82d7a52dd574a13b9996a802,642-474-0867,pelanggan,aktif,6/13/2020,1/21/2020
617,Sayer Wozencroft,swozencrofth4@pagesperso-orange.fr,b1abd80aee8ca583bfbc38bfcffc9038,332-265-1180,kurir,aktif,12/14/2021,5/2/2020
618,Gayleen Yushin,gyushinh5@aboutads.info,17f6e9d73d582eb87a9f4d874938b555,588-257-2769,kurir,aktif,2/14/2022,6/29/2021
619,Dani Ostridge,dostridgeh6@jigsy.com,df2a8342871e6de66fc4758bf5924898,915-283-0721,kurir,tidak aktif,10/15/2021,10/31/2021
620,Mabelle Wharfe,mwharfeh7@google.com,3ad6e1e64e45967d839e74d8ebfaeeb4,444-106-1666,pelanggan,aktif,10/31/2021,7/17/2021
621,Eloisa Stanistreet,estanistreeth8@technorati.com,e2ac7b76d4b5f947edc5cfc21b3dc1d5,494-482-1208,pelanggan,tidak aktif,8/3/2020,12/27/2021
622,Gizela Hearon,ghearonh9@tripod.com,3a0d7f3d1062dc67ed49686df3995f29,442-517-4863,admin,aktif,5/8/2020,3/4/2020
623,Rianon Thulborn,rthulbornha@tamu.edu,a5fe10bed38c8e07ca8fe5542fd43dee,613-124-8910,kurir,aktif,12/3/2022,11/6/2021
624,Maribel Chippendale,mchippendalehb@pen.io,9d92b2d436aed6abd663d38b799f0375,282-920-9485,kurir,aktif,8/14/2020,5/24/2020
625,Aurel Brumen,abrumenhc@foxnews.com,3cb64e3bf8b03d411c79c15ed94a5e49,445-290-6454,kurir,tidak aktif,8/27/2022,8/8/2022
626,Bryanty Rainy,brainyhd@slideshare.net,cb5277ba6ef40e8ac8403367facb43af,332-131-9330,admin,tidak aktif,11/13/2021,7/10/2021
627,Deidre Melbury,dmelburyhe@lycos.com,39dc3a1b53d64b00d26be15fc0592fb0,275-328-5941,admin,tidak aktif,6/17/2020,7/16/2021
628,Zilvia Sibbald,zsibbaldhf@prweb.com,73a5f0a91eb6dd0a2860ee2e48458924,403-563-3533,admin,tidak aktif,10/5/2021,6/23/2022
629,Ginevra Penticost,gpenticosthg@tamu.edu,fca9109c702beb0a87a2cd0645fdfc2b,698-954-8232,pelanggan,aktif,12/12/2020,5/19/2020
630,Aguste Lutz,alutzhh@amazon.com,62684f0d0a08f305d29ed8d11115b138,361-385-4607,admin,aktif,6/20/2022,1/19/2022
631,Phillis Navarijo,pnavarijohi@moonfruit.com,f4e349604bb8bd08f46903423819caff,322-411-2623,kurir,tidak aktif,1/29/2020,11/2/2022
632,Sylvia Guenther,sguentherhj@indiegogo.com,def3c355a5bc77ce9c988232e35948de,781-360-8907,kurir,tidak aktif,9/5/2021,4/17/2021
633,Rebecca Measor,rmeasorhk@unicef.org,dd75dd2c707d0b0131ac742fa8fb108c,837-522-8985,admin,tidak aktif,5/26/2020,11/20/2021
634,Datha Moughtin,dmoughtinhl@tinypic.com,af4b9977a15a4a8c2940c5e9c531084f,736-580-6472,kurir,tidak aktif,9/5/2022,1/4/2021
635,Angie Ivanilov,aivanilovhm@abc.net.au,5e6ec1ed079cd1a5a6d161b398942710,410-525-7916,pelanggan,tidak aktif,10/18/2022,11/28/2021
636,Vanya Kneeshaw,vkneeshawhn@people.com.cn,9a07fd6673d546ea70e647ec708a3e39,428-871-4551,kurir,tidak aktif,1/28/2022,10/2/2022
637,Valentijn Aireton,vairetonho@samsung.com,5c132b11c4e3341a10f519267c8de0f7,385-648-3536,pelanggan,aktif,8/23/2020,2/18/2020
638,Leesa Gorriessen,lgorriessenhp@t-online.de,aa9b209bdcc4738997f11257d58594bc,766-433-8089,pelanggan,aktif,3/18/2020,1/5/2020
639,Dolorita Moreby,dmorebyhq@yahoo.co.jp,306af8da30e5f3d21ca430668f01f36d,317-332-0207,pelanggan,aktif,9/17/2020,7/22/2022
640,Englebert Yearron,eyearronhr@smh.com.au,e388bef094839fc431c25c7fbf58483a,690-477-8807,pelanggan,tidak aktif,12/27/2022,9/15/2022
641,Solly Rawstorne,srawstornehs@google.es,efdbf561640fc5ebca40755147603d52,150-966-9169,admin,tidak aktif,2/22/2022,7/5/2022
642,Othilia Clifton,ocliftonht@hud.gov,5c41e33183e8def697d3a9a8dcc8f6cf,469-148-8158,admin,aktif,4/5/2020,3/5/2022
643,Tatum Diemer,tdiemerhu@yandex.ru,b99d40f6045c73f5d2721143af11d0e9,422-609-5830,admin,aktif,10/1/2022,4/16/2022
644,Adrian Trodden,atroddenhv@w3.org,c20d1d627f2b3a70c726532e5b71d2ad,168-528-4591,kurir,tidak aktif,11/29/2022,1/29/2022
645,Leann Plover,lploverhw@shinystat.com,effb6022b8fd988dd5469d6939f8cb93,813-184-1119,admin,tidak aktif,2/17/2020,8/17/2020
646,Freida Cobello,fcobellohx@reuters.com,13352bc0774bf935302a5e1179a50852,516-588-1073,admin,tidak aktif,9/16/2021,11/20/2021
647,Shantee Baradel,sbaradelhy@amazon.co.uk,6e80a0d3f58400758f4cebee5097e083,720-922-1932,kurir,aktif,5/4/2020,10/23/2021
648,Jocko Gerin,jgerinhz@msu.edu,65bbd5b4b223b67da4541a2de135fda7,174-393-2994,admin,aktif,7/9/2020,8/23/2022
649,Annamaria Dilke,adilkei0@barnesandnoble.com,853e6e329726f37057c1514fccf2ed76,582-665-9499,pelanggan,tidak aktif,9/15/2021,2/7/2020
650,Carmel Nisuis,cnisuisi1@bloomberg.com,615529b9550a7d621934c27217e377e2,507-713-0144,kurir,aktif,10/12/2021,9/26/2022
651,Lowe Cheavin,lcheavini2@discuz.net,f770875b2266efec68afdfa6f929b4cc,497-964-8089,kurir,tidak aktif,9/21/2020,11/18/2021
652,Gerald Meehan,gmeehani3@senate.gov,05637c38f07556f95fb383e0fbcc6185,103-806-3535,admin,tidak aktif,3/27/2022,4/12/2020
653,Lorie Spaducci,lspaduccii4@ebay.co.uk,2a832382f95d4a47c7b1c678f69de93d,466-941-7803,admin,tidak aktif,1/10/2021,2/12/2020
654,Ulises Stollen,ustolleni5@narod.ru,558dbba56f571c1cff7fce94c0a03132,913-266-0606,kurir,aktif,1/21/2021,5/13/2020
655,Regan Cristofari,rcristofarii6@desdev.cn,e98e0dce6bd5f543bbff630b0bceb366,713-300-9550,kurir,tidak aktif,5/4/2022,7/24/2021
656,Kippie Strippling,kstripplingi7@adobe.com,d9561a4a76a121407aed0991e419338e,562-153-6325,kurir,aktif,6/25/2022,7/15/2021
657,Erwin Andrichak,eandrichaki8@upenn.edu,ee6112dabca08d2234780c41853ea40f,838-397-1113,kurir,tidak aktif,11/1/2021,5/15/2022
658,Berk Bushell,bbushelli9@cloudflare.com,953145ba0c22bfb2538068524a3d0d24,895-710-6218,admin,aktif,8/24/2021,9/11/2022
659,Thaddeus Richter,trichteria@spotify.com,be5c5c8ea84da880a7b5596ab4797f83,863-594-3651,pelanggan,aktif,6/10/2020,8/26/2021
660,Lucy Pothergill,lpothergillib@e-recht24.de,bc921f19e4e5f05a2becc2124214e5f2,331-430-1996,kurir,tidak aktif,2/15/2022,11/18/2021
661,Sophie Ackland,sacklandic@ucoz.ru,3e54c1971e53955395b4407e4704f80d,841-996-1788,kurir,aktif,10/4/2020,7/19/2021
662,Udale Dunrige,udunrigeid@wired.com,a64cbccb1898dee5d8e162b7555562dc,515-150-1446,admin,aktif,6/1/2021,9/18/2022
663,Meir Parramore,mparramoreie@histats.com,5c1da8250eda38092fe9c7fbd91ead35,418-777-9309,admin,aktif,10/15/2020,8/21/2022
664,Halette Petrulis,hpetrulisif@mac.com,4ec4d20ad54c5160ef4613831f88c8e6,850-474-7785,pelanggan,aktif,9/30/2020,5/4/2021
665,Glen Salzen,gsalzenig@wufoo.com,a9c7f1e45216fe895a0c0ead2a9426b6,341-280-9562,pelanggan,tidak aktif,2/24/2021,9/7/2021
666,Zorina Andriuzzi,zandriuzziih@hostgator.com,13ae3b75cbb4434bac28fa6e72591316,617-984-2300,pelanggan,tidak aktif,2/27/2021,5/13/2020
667,Huntington Wall,hwallii@samsung.com,2caaedf0c28e534405867a0c5d819786,561-110-2333,pelanggan,aktif,7/24/2022,10/20/2021
668,Kelcie Osichev,kosichevij@cnet.com,86b1929c666dd9c0e53b0f472307bb05,752-117-5423,kurir,tidak aktif,5/9/2022,6/27/2022
669,Kincaid Rendle,krendleik@posterous.com,be4c13ba849e00f31889994243883276,759-417-4082,admin,tidak aktif,3/15/2020,8/15/2020
670,Philis Crumb,pcrumbil@lycos.com,0abdbd4d20dd837f45349f98af7df76a,821-389-7685,pelanggan,tidak aktif,10/14/2021,9/5/2022
671,Marcus Matyushkin,mmatyushkinim@japanpost.jp,9eff62a52b9e0a6941a60a39bc44cedf,523-732-6971,admin,aktif,12/28/2021,6/5/2022
672,Margie Anfusso,manfussoin@rediff.com,7fa9539e7396155b340029a837980b2c,317-736-5282,kurir,aktif,5/2/2021,11/24/2020
673,Shannan Bertson,sbertsonio@reuters.com,49b401708526cc7653ca960b89adb5a4,414-501-4673,admin,tidak aktif,12/14/2022,10/23/2022
674,Andy Penniall,apenniallip@goodreads.com,c71d24694dc41ae2e313e6f1ab628a1a,837-899-0215,admin,aktif,5/20/2022,12/11/2020
675,Cornell Gurwood,cgurwoodiq@google.ru,2b2a91826e80dcd7c6097198383a7fa3,567-391-7741,admin,aktif,1/24/2021,6/12/2020
676,Keith Flowerdew,kflowerdewir@printfriendly.com,8ba1318115947516b79ab24cc3e62f6b,437-942-8663,pelanggan,aktif,7/13/2022,7/19/2022
677,Shauna Kynaston,skynastonis@xinhuanet.com,a1d53178d218cff92d936bbeb9a8f6b9,998-443-7988,kurir,aktif,2/6/2022,10/26/2020
678,Renee Honeyghan,rhoneyghanit@ucoz.ru,3c3be8aa0355d59d0a4c4488c15fe53b,679-940-4551,admin,aktif,10/21/2021,9/15/2022
679,Tyne Gidman,tgidmaniu@pbs.org,a32276cbd54e5b423e99c94bb14832d2,806-837-4856,kurir,aktif,7/9/2022,6/27/2020
680,Shannen Heynen,sheyneniv@harvard.edu,7def9fb53b6db6929e3b55f95add6ec3,156-136-7425,pelanggan,aktif,7/27/2021,1/3/2020
681,Marthe Helix,mhelixiw@toplist.cz,b8f0ecc1e32c77fc095b23a799d562d7,599-118-6336,admin,tidak aktif,6/17/2020,7/14/2022
682,Lynelle Broske,lbroskeix@bluehost.com,dca0a28289670f1deada68f8b8572b3b,897-681-5555,admin,aktif,3/6/2022,8/5/2022
683,Drugi Andreia,dandreiaiy@theatlantic.com,fd5d0d66c4c5a4c42cccf17886fdcedc,785-536-0719,kurir,tidak aktif,6/28/2022,4/24/2021
684,Vin Kirwan,vkirwaniz@usatoday.com,61149b22f918c765cf09798c5b3afb53,152-487-8467,admin,tidak aktif,4/16/2022,12/25/2020
685,Willey Pepys,wpepysj0@theatlantic.com,302c51f31b1e51e1fefe1a06ca3d8a82,437-697-3696,admin,tidak aktif,5/18/2021,7/4/2021
686,Vittorio Byk,vbykj1@networkadvertising.org,a1ec24d841b120e19df2ffcd333395be,316-948-6133,admin,aktif,1/8/2022,12/16/2020
687,Gardener Neubigin,gneubiginj2@google.de,c48af416217266f6f953e6fe5d329340,644-336-1198,kurir,aktif,2/24/2022,7/14/2020
688,Johanna Cruxton,jcruxtonj3@europa.eu,de4c4e42b8256f52bd08b04872c51183,906-765-0478,admin,aktif,1/17/2020,10/20/2021
689,Fredek Kings,fkingsj4@springer.com,045f85bc441efdcbb25a1ec46878f06c,632-450-2891,kurir,aktif,12/24/2022,6/3/2020
690,Morty Ambrozik,mambrozikj5@friendfeed.com,694ab59e524b3e34d3e226c43748cb6f,491-252-7500,admin,tidak aktif,1/1/2020,5/13/2020
691,Charil Rickarsey,crickarseyj6@amazon.co.uk,a8f58c48b4f392677461653325693586,891-544-8454,pelanggan,tidak aktif,8/31/2022,4/29/2022
692,Ileana Lissett,ilissettj7@networkadvertising.org,9e658da8b6914ff91a23948d1a642202,701-330-6375,pelanggan,aktif,11/15/2021,5/29/2021
693,Willi Branchet,wbranchetj8@ifeng.com,c7029dc53f21c8bafa90cc0b97ed8b47,571-815-8335,kurir,tidak aktif,2/1/2022,12/15/2022
694,Nadya Savine,nsavinej9@wikispaces.com,2661ad62d0aa262bf2f49e7a1fbd28fa,150-319-7544,admin,aktif,3/29/2020,2/19/2021
695,Ferdy Bier,fbierja@gizmodo.com,5fe15c9352b68105014e8a45298f44f5,947-779-0021,admin,tidak aktif,10/16/2020,2/2/2021
696,Jamima Schirak,jschirakjb@godaddy.com,9416f08cedff41015b63464bc9504e74,951-180-5415,kurir,tidak aktif,8/25/2022,10/14/2022
697,Bartolomeo Kolakowski,bkolakowskijc@trellian.com,07bf08a1249cabb009d65710c33694c6,850-934-7462,kurir,aktif,5/12/2021,8/23/2020
698,Giselbert Fagence,gfagencejd@china.com.cn,1d9951e0458547d659037593917bd4ac,201-689-0954,kurir,aktif,3/5/2020,10/25/2022
699,Page Andretti,pandrettije@sbwire.com,8fae2b066c296c4d518a0530397e5e36,550-717-1325,kurir,aktif,8/30/2022,8/23/2020
700,Odetta Bradnum,obradnumjf@nationalgeographic.com,657d960c8bfb7e3e80f5138f3346145c,376-268-1079,pelanggan,aktif,5/11/2020,7/3/2022
701,Felecia Cloughton,fcloughtonjg@nyu.edu,dc520206d103e686531b9669d08a9d26,454-888-5730,kurir,aktif,3/25/2021,3/4/2020
702,Emory Naire,enairejh@uol.com.br,dde03e96dc64ecf6b9a0914503f076ca,411-346-5713,pelanggan,tidak aktif,9/10/2020,2/22/2021
703,Elbertine Ludgate,eludgateji@exblog.jp,d453f382e83bf1be4b46eb0e0e224f20,202-822-9769,pelanggan,aktif,7/1/2021,4/9/2022
704,Una Casham,ucashamjj@yale.edu,b90e7eaa4a68dd500fb9a571ca4aa44e,522-835-8240,admin,aktif,3/28/2022,7/17/2022
705,Norene Carnaman,ncarnamanjk@infoseek.co.jp,289fdcedd6c49ab4c0672d55a89f1da6,371-427-7475,pelanggan,aktif,10/3/2022,1/8/2022
706,Arly Moodie,amoodiejl@seesaa.net,da8ee6c0643f2eabd221886d36f57866,267-558-7350,kurir,tidak aktif,6/20/2021,9/15/2020
707,Evan Kenway,ekenwayjm@theatlantic.com,54f245bc45869603d3ae65433e9b823b,557-525-1778,pelanggan,tidak aktif,12/17/2021,5/22/2022
708,Win Pulteneye,wpulteneyejn@hostgator.com,8ac2893e0ffb12222d5efb88f78e63ce,235-173-7062,pelanggan,tidak aktif,11/25/2020,5/18/2022
709,Dacie Reisen,dreisenjo@goodreads.com,77206910ab097d6647e08f17e2f455dd,619-277-8188,admin,aktif,5/22/2022,8/9/2020
710,Lanette Ducker,lduckerjp@ftc.gov,8f5caeae60a36b90c024c23147d11d49,177-485-4492,kurir,aktif,11/6/2022,10/4/2020
711,Ailene Barnwille,abarnwillejq@csmonitor.com,c42abdc788a72e72930819ae67a5a330,506-512-0727,admin,tidak aktif,12/9/2022,5/3/2020
712,Eden Grassi,egrassijr@abc.net.au,d6199e6fa4c294a96945452d9b01c12e,144-271-2814,admin,tidak aktif,6/23/2021,7/28/2020
713,Wandie Wedge,wwedgejs@multiply.com,986d2c326adb76ccbe0e496677b46090,575-879-1147,pelanggan,aktif,5/20/2022,11/10/2020
714,Daffy MacMorland,dmacmorlandjt@ustream.tv,3f9102e3b2a94d0c51d6194a8ad48db8,234-889-7151,pelanggan,tidak aktif,9/24/2022,9/7/2021
715,Michaeline Patten,mpattenju@netlog.com,1d186c792cf9f2c96dc867a51c9a6f5d,846-981-3184,kurir,tidak aktif,5/17/2020,11/3/2020
716,Gerti Jillard,gjillardjv@networksolutions.com,a4102a7f2707966939acdbef93ec4585,123-859-2342,pelanggan,aktif,6/8/2021,3/6/2021
717,Lorena Fallowfield,lfallowfieldjw@soundcloud.com,f9f9e8204de6807060cf28f760b17bc9,427-504-8837,admin,aktif,5/4/2020,6/28/2020
718,Darbie Speers,dspeersjx@yahoo.com,652e939d77bebbaa474cba28d16ab8bb,344-506-2088,admin,tidak aktif,9/4/2022,6/1/2021
719,Bennie Thoresbie,bthoresbiejy@marketwatch.com,fbfe819873b647b033c6644b03758085,705-797-7991,admin,tidak aktif,1/13/2021,11/13/2020
720,Kellia Legrave,klegravejz@ifeng.com,ebf9eac59bb4f090372fb986c591d194,201-499-5091,pelanggan,aktif,8/15/2021,7/29/2020
721,Rosaleen Coram,rcoramk0@wix.com,aed0d1657ed66265d269c4943b983c1e,217-205-7950,admin,tidak aktif,4/2/2020,1/27/2020
722,Chrisse Tripcony,ctripconyk1@vistaprint.com,f8f5dc4b6f1a4b7cb74658688ae86e3b,599-982-4196,pelanggan,tidak aktif,7/14/2022,1/2/2021
723,Geri Laydel,glaydelk2@google.de,dc1e434284cbede486bb879a478fec4e,972-727-2478,kurir,tidak aktif,7/19/2020,2/6/2021
724,Ann Cheetam,acheetamk3@yandex.ru,07c1d7ac54978305de0276a45a8317a1,558-378-8644,pelanggan,aktif,12/2/2021,8/7/2020
725,Maia Bryson,mbrysonk4@japanpost.jp,f7f6b9a172e26f39a589f3f1e3859864,782-556-2001,admin,aktif,8/20/2022,5/26/2020
726,Trixie Lissemore,tlissemorek5@telegraph.co.uk,7eeeea9047d17727fa996b84290e72d7,261-134-0958,admin,aktif,7/10/2022,6/1/2021
727,Theobald Klugman,tklugmank6@sun.com,9afe2717ca190d95f37b2ef43baa7705,473-218-5957,pelanggan,tidak aktif,7/24/2020,2/28/2021
728,Allyce Antonucci,aantonuccik7@usa.gov,ae143b88d0341dfbae2741fcda34b96e,509-368-2633,admin,tidak aktif,12/27/2021,2/6/2020
729,Calvin Thynn,cthynnk8@narod.ru,8f333f5dbf7f0f182f0e0bacf25a95ce,556-678-2378,kurir,tidak aktif,5/25/2020,11/12/2022
730,Cherise Ruggiero,cruggierok9@issuu.com,c8939c5e7faf7b331f4735876f9ed9e3,919-619-1813,pelanggan,tidak aktif,9/15/2021,4/17/2022
731,Joachim Askie,jaskieka@mac.com,16b27d41d19be970e0f61831f9c7f40f,655-655-0382,pelanggan,tidak aktif,3/3/2021,5/27/2020
732,Javier Dutson,jdutsonkb@army.mil,4454f909f910f3797ddca9e5efa7ffbf,633-941-0110,pelanggan,tidak aktif,10/22/2020,5/1/2022
733,Jasmine Clemerson,jclemersonkc@umn.edu,0265a9873e3d607369a58cd9b9f5c4ae,399-522-0779,kurir,tidak aktif,11/25/2022,9/30/2020
734,Georgeanne Prise,gprisekd@netvibes.com,990d45e958f045aa5371166de33bf59c,822-151-1418,admin,tidak aktif,4/2/2020,3/6/2021
735,Rory Advani,radvanike@nbcnews.com,06cd5cc9572029bbf90c274864b5cc4b,266-239-8368,admin,aktif,1/13/2022,7/23/2021
736,Aurea Herche,aherchekf@ow.ly,680f1e84562c0d613b53f25156158663,967-654-6442,pelanggan,tidak aktif,11/24/2021,4/20/2021
737,Shaylynn Wais,swaiskg@usgs.gov,d26e63cc8fdacc520f1fbb1cbf410b15,364-824-4552,pelanggan,aktif,12/13/2022,2/2/2021
738,Vanya Satterley,vsatterleykh@geocities.jp,0d90bee878832a769ce6320ac8dc619a,483-534-3831,admin,tidak aktif,3/1/2020,7/4/2021
739,Lyndel Hanssmann,lhanssmannki@washingtonpost.com,9d5587cc3d3ce09b8546d59bc5c6ed98,806-918-5350,admin,tidak aktif,7/23/2021,9/20/2022
740,Algernon Gibbett,agibbettkj@nps.gov,af0d15f52361709fd26d8b33a8e46bf9,731-978-8780,kurir,tidak aktif,5/3/2020,11/7/2022
741,Charmaine Lydall,clydallkk@slideshare.net,8e422ab66d02149cd28399ea4cc5980c,786-693-8943,pelanggan,aktif,10/23/2022,6/3/2022
742,Kettie Roon,kroonkl@engadget.com,6872e2956a3e4c0daa99fdf93ce32024,155-119-6142,admin,aktif,9/19/2020,1/2/2022
743,Lotte Kiljan,lkiljankm@nifty.com,77be88b486394975a6106d238bdffda0,622-817-0128,pelanggan,aktif,3/7/2022,5/22/2022
744,Giselbert Peirazzi,gpeirazzikn@addtoany.com,5e2a48f6848f03ddfeb24225cf4f1ab5,533-178-7777,kurir,aktif,3/11/2021,2/23/2022
745,Egan Scollick,escollickko@cam.ac.uk,7ff91052d30aa25d22abaea97b205509,781-863-8679,kurir,tidak aktif,2/12/2020,10/10/2021
746,Ilka Tollow,itollowkp@soundcloud.com,122bd725939a18e285dcd2a9a41a904a,815-671-2181,pelanggan,aktif,11/11/2020,5/4/2022
747,Damien Owens,dowenskq@hubpages.com,2175de6027fdb16057d708eb5aa43d27,185-734-2509,pelanggan,tidak aktif,11/1/2020,3/23/2022
748,Mikel Goldsmith,mgoldsmithkr@ed.gov,411a24fdad7d96219092e6b186912dab,214-320-1163,admin,aktif,11/18/2022,4/21/2021
749,Keefer Waggett,kwaggettks@marketwatch.com,2ecb14f435c0740ef9e068b7e5b73cca,466-185-7306,pelanggan,tidak aktif,5/25/2021,4/10/2022
750,Karlen Taborre,ktaborrekt@google.pl,99154aaa098a207bc3786b688f5e03eb,675-694-7912,admin,tidak aktif,4/25/2021,8/28/2022
751,Neala Jamme,njammeku@ehow.com,7e751d5f44a0e2512189175c24df12ca,371-569-6565,kurir,tidak aktif,9/22/2020,6/10/2021
752,Trefor Venning,tvenningkv@ed.gov,5f86ab590d084510ab9b56bbf10788d3,931-197-7072,kurir,aktif,11/18/2020,3/9/2020
753,Curtis Orton,cortonkw@shinystat.com,3571614436fc439456423bdbfccfec8d,251-809-8036,kurir,tidak aktif,8/19/2020,7/19/2022
754,Fifi Meriott,fmeriottkx@bandcamp.com,c9a2fc5a8a21a80b5d4b10cb166f79b2,652-375-0218,pelanggan,tidak aktif,6/18/2020,3/26/2022
755,Erhart Ezzy,eezzyky@t.co,2804927275dd02aad62a5b3c89566446,538-245-6662,admin,aktif,1/27/2021,1/24/2020
756,Benedicta Lock,blockkz@sakura.ne.jp,3704148a20fa998a82b81b52eb71e212,349-921-6551,pelanggan,aktif,10/20/2020,8/30/2021
757,Celie Klaessen,cklaessenl0@nhs.uk,0cdecba86c521ef5c290320e6b087e34,711-755-8247,pelanggan,tidak aktif,4/14/2022,8/6/2022
758,Madelaine Lyddon,mlyddonl1@weather.com,f171397387105444d9dcf15284540985,327-229-6051,kurir,aktif,6/24/2020,9/22/2022
759,Gaby Devanney,gdevanneyl2@narod.ru,22784c8e538d7fdf1913de2f2df00e55,808-740-1039,kurir,aktif,2/25/2022,5/3/2022
760,Berkeley Quinet,bquinetl3@angelfire.com,649492492ce0e3300119b27f3d9316c1,859-298-2809,kurir,aktif,4/30/2021,3/15/2021
761,Korry Glenfield,kglenfieldl4@domainmarket.com,961ff63c18c5d5aee6ffd93694875dfd,302-531-0502,admin,tidak aktif,9/20/2022,6/16/2021
762,Abie Shrubsall,ashrubsalll5@sun.com,d6539285f728ea6f9ee165f4abdeefce,714-286-8913,admin,aktif,7/27/2021,11/5/2022
763,Sisely McLanachan,smclanachanl6@oakley.com,ca493e7744a54b9303e99bd1ed76df18,214-633-3567,pelanggan,aktif,10/17/2022,8/12/2021
764,Faber Kolakowski,fkolakowskil7@barnesandnoble.com,96c37ba0e7524aef9cff89a75d949ee2,616-502-3710,admin,aktif,5/19/2021,6/15/2020
765,Walton Bastock,wbastockl8@cisco.com,b59fd9f0e7da93627786a9afa384946b,812-830-7742,admin,tidak aktif,3/11/2020,5/4/2022
766,Obadias Tibbs,otibbsl9@amazonaws.com,e4f5918fad1009398ee976d3250f157d,468-303-1530,admin,tidak aktif,5/26/2022,10/30/2020
767,Sayers Senior,sseniorla@1und1.de,9b5a15b9557689e86c90518a6c572a71,256-338-8483,pelanggan,aktif,1/13/2021,12/8/2020
768,Denni Bernet,dbernetlb@youku.com,92b4b1f673142c545e60f1230e6516ad,920-256-0446,admin,tidak aktif,2/19/2020,1/25/2021
769,Niki Prangle,npranglelc@marketwatch.com,d89333c396964a6160bd257b5fd30bf4,797-242-5684,pelanggan,tidak aktif,9/4/2021,6/17/2021
770,Christin Vince,cvinceld@canalblog.com,0d77b67638c6dd3d7ea5c8e6cef8aa0d,774-980-2540,pelanggan,aktif,4/10/2020,9/6/2021
771,Darryl Madner,dmadnerle@vinaora.com,08b824ea4165389c3d53a897a22ad9fc,785-593-8194,kurir,aktif,9/12/2021,7/3/2021
772,Therese Gamett,tgamettlf@seattletimes.com,65d8567aededcdfe2da2a8520a711572,461-352-2707,admin,tidak aktif,7/16/2022,11/4/2020
773,Natka Benner,nbennerlg@a8.net,ea9d592970a82afc42076b682678cf21,281-624-8111,admin,aktif,4/10/2020,1/12/2020
774,Mahalia Ring,mringlh@zdnet.com,b924a38a5bbc81e8dcf93a515b9f32f7,776-583-5446,pelanggan,aktif,1/31/2021,12/16/2020
775,Samuel Witz,switzli@digg.com,dda9a16b854c34dd2891c4b2710485ea,807-933-3759,pelanggan,tidak aktif,5/31/2020,3/15/2020
776,Phillida Jellico,pjellicolj@g.co,9ccced052572d3612729987286e694e3,432-215-0589,kurir,aktif,6/7/2021,1/17/2022
777,Liza Wadley,lwadleylk@posterous.com,2b5a5ed03d1776cc08fa7e34d43f6047,253-480-3548,kurir,aktif,4/9/2022,8/4/2021
778,Josy Nickoles,jnickolesll@sina.com.cn,901cc3ca66a91c2f123af0f316a9e0ea,955-363-6688,pelanggan,tidak aktif,11/5/2021,2/4/2022
779,Raphaela Toombes,rtoombeslm@wisc.edu,1fea83968ef3f91a73053ce411f5d546,653-176-4718,pelanggan,aktif,6/3/2022,5/1/2021
780,Shaun Vedstra,svedstraln@toplist.cz,bc092470959022892fea989c6cf8255d,560-338-6004,admin,tidak aktif,1/31/2020,12/25/2020
781,Homer Byrcher,hbyrcherlo@redcross.org,0337482b81e8a3bece1d59019c4d8687,955-364-8668,admin,aktif,12/27/2022,12/13/2020
782,Domeniga Longo,dlongolp@freewebs.com,897d1d8a10eb28d338cbe44425a383fb,952-633-7882,kurir,tidak aktif,3/24/2020,12/14/2020
783,Karlik Abrehart,kabrehartlq@over-blog.com,b96ead6a854bd681820f93af4439a9e6,305-510-9172,pelanggan,aktif,12/29/2021,5/24/2020
784,Leroi Teenan,lteenanlr@bluehost.com,5b8bc64b9118709cd716b606ba0a1a04,524-908-0059,pelanggan,tidak aktif,7/11/2022,9/22/2020
785,Clywd Rapi,crapils@fc2.com,767c194f651a432c082a75a041402dca,225-339-5755,admin,tidak aktif,5/26/2021,11/5/2021
786,Kylen Climie,kclimielt@oakley.com,9fd3d03aa33637915dee9b5558cd4318,225-312-8778,kurir,aktif,7/19/2022,2/18/2022
787,Penelope Corrin,pcorrinlu@aol.com,b2d35d764fb7ad167d42b3305f0b68cf,323-307-6049,pelanggan,aktif,4/11/2022,2/24/2020
788,Dominique Birnie,dbirnielv@goo.gl,d44fa5e3ac0b0b05814b9d119e131d4e,376-997-3503,pelanggan,tidak aktif,10/2/2022,4/5/2020
789,Oralia Lapere,olaperelw@com.com,f53522f0be318c4e1ed29d3fed89008c,297-474-1238,admin,tidak aktif,11/25/2022,8/11/2021
790,Shea Cainey,scaineylx@scribd.com,a67603a49ea1e4e8fead9311f684676b,343-746-1345,pelanggan,tidak aktif,1/7/2020,3/31/2020
791,Samaria Iron,sironly@sogou.com,a9318184295ed53ee7b3019b23075591,577-914-0661,admin,tidak aktif,3/1/2021,4/21/2022
792,Bink Renehan,brenehanlz@free.fr,6a2d514ce6a39c247fb1d5781f4ab6af,131-238-2741,admin,tidak aktif,6/12/2021,6/19/2020
793,Parke Peckett,ppeckettm0@zimbio.com,1b3daa49afff31565ce4eae166922ebf,959-666-8790,kurir,tidak aktif,6/24/2020,8/6/2021
794,Harper Kingstne,hkingstnem1@ovh.net,c5bb70cc8b701024a0214356f340cf7d,121-812-3884,pelanggan,aktif,5/29/2021,8/9/2022
795,Sarah Blown,sblownm2@cnn.com,272e160e5c7eeb17b1e290f7317942b2,123-165-4086,admin,tidak aktif,5/7/2020,12/26/2021
796,Trumann Ruddick,truddickm3@constantcontact.com,0ffa2ad5e0982cdaf046f6920fba3e56,133-877-3086,admin,aktif,8/5/2021,5/17/2021
797,Amerigo Markl,amarklm4@jiathis.com,924ccf64c3b37c348c0623c5b3e24363,953-668-7488,pelanggan,aktif,2/4/2020,4/2/2020
798,Seth Conwell,sconwellm5@spotify.com,73ca995ffdf30822a43656e349697c28,175-479-5779,pelanggan,aktif,9/2/2022,5/22/2022
799,Rowe aManger,ramangerm6@buzzfeed.com,553c0d56a51b1935674e025347271941,919-556-1432,kurir,aktif,1/17/2020,6/29/2022
800,Bridget Siggers,bsiggersm7@desdev.cn,bd616a806ea0b46a4dfcf602879adb49,732-600-8368,kurir,aktif,9/6/2020,8/27/2020
801,Darcie Hambric,dhambricm8@goo.gl,a0c682344b7d67a09c1f1dca792f2cd3,878-166-8201,kurir,aktif,5/30/2022,9/7/2020
802,Ferdinanda Rudolf,frudolfm9@forbes.com,7192beeb87223b5fb872d0c355a69022,628-420-7653,admin,tidak aktif,7/31/2021,5/8/2020
803,Carr Neicho,cneichoma@ovh.net,2a73823ec3b9ac2c60a7d6fa7145acc2,407-661-8867,admin,tidak aktif,7/13/2021,12/26/2020
804,Shina Dance,sdancemb@furl.net,3e25c9025d015dada2e7c124d6726ff1,716-883-5128,pelanggan,aktif,10/16/2020,10/25/2020
805,Osbourne Blade,oblademc@4shared.com,c6fce698f889bb7e587bd63e54be2c9e,249-270-3489,admin,aktif,4/6/2022,11/22/2020
806,Christan Goode,cgoodemd@alibaba.com,f744ac38da0ee35829c360c85e73aff2,529-575-6524,kurir,tidak aktif,10/11/2022,8/9/2020
807,Valerye Ribbon,vribbonme@list-manage.com,9156639261461e1834cead4844b47a47,328-561-2296,admin,aktif,1/16/2022,11/12/2021
808,Kahaleel Wethey,kwetheymf@wired.com,3cab087a5af4b7e390c3d143f9b05f3f,726-384-3564,pelanggan,tidak aktif,10/9/2020,1/13/2022
809,Johnnie Newling,jnewlingmg@army.mil,80a1371dc3d42fc15290743d232facc0,169-981-7404,admin,tidak aktif,11/12/2020,5/19/2021
810,Darcey Sieur,dsieurmh@infoseek.co.jp,6c0f64e566ba9d6d5891b7e408881614,283-152-2257,kurir,tidak aktif,7/24/2022,1/6/2022
811,Bradford Jikylls,bjikyllsmi@msu.edu,f83036cc93071ea7de68e1dfcec35448,768-130-4803,pelanggan,aktif,9/18/2021,5/2/2020
812,Murielle Brantzen,mbrantzenmj@deliciousdays.com,f3f3f35e8fae3b2e6f7d98c206bac395,318-246-9855,pelanggan,tidak aktif,3/27/2022,6/3/2022
813,Meade Danigel,mdanigelmk@npr.org,2e162bf3a95ab563fcaf7622d121b93e,887-908-0407,admin,aktif,4/14/2021,9/19/2022
814,Blythe Stein,bsteinml@wunderground.com,94feff9ffc6e997091d811264f4d5dfc,339-469-5116,admin,aktif,12/5/2020,4/29/2020
815,Curry Borell,cborellmm@samsung.com,be0c55c3684bf6f3f7b965671d8f90b6,629-815-1721,kurir,aktif,8/13/2020,10/13/2020
816,Cloris Traill,ctraillmn@virginia.edu,92d63d2ed5ec35e04eee89852ed7eda6,182-369-0577,admin,tidak aktif,4/30/2021,4/15/2021
817,Antonina Stockow,astockowmo@sina.com.cn,8b605add33aefa34f8e4fbc593e137b4,840-561-4552,pelanggan,tidak aktif,2/7/2021,5/14/2021
818,Lindsey Sprakes,lsprakesmp@deviantart.com,e85c9a8001c801bbb610d247deac1ebf,612-704-9010,kurir,tidak aktif,8/24/2020,6/11/2022
819,Antonietta Wordsworth,awordsworthmq@europa.eu,41a8b544c1b7db5261381d2404125e99,749-877-9006,pelanggan,aktif,7/22/2020,7/31/2020
820,Shelton Redferne,sredfernemr@cnet.com,f80809e3202552c6f7945b578676589a,476-736-8970,kurir,aktif,9/10/2020,10/6/2022
821,Ann-marie Brewitt,abrewittms@w3.org,a454daf38b0123461a0d8aa7c66094fe,314-840-6197,admin,aktif,5/13/2022,7/21/2020
822,Sindee Dredge,sdredgemt@samsung.com,9b974ef17a641af34666f4895a95b1cf,699-383-1329,kurir,tidak aktif,1/18/2022,1/19/2021
823,Tiebout Savin,tsavinmu@time.com,1f2f824d9b5b51bd35e21612ab4c4d80,118-463-0531,pelanggan,tidak aktif,7/22/2020,11/22/2020
824,Cornelia Reinard,creinardmv@over-blog.com,47235a6d1971ec54d624c362c5bd0998,861-855-2773,kurir,tidak aktif,2/28/2022,5/13/2020
825,Cash Gerrietz,cgerrietzmw@homestead.com,0ba89bdac62a92f071f88bc677706873,388-799-9527,pelanggan,tidak aktif,3/15/2020,12/31/2021
826,Mischa Paladini,mpaladinimx@dagondesign.com,8ba319ed48c6de808a6a46b53eba76d8,176-446-5616,kurir,aktif,5/10/2020,11/21/2022
827,Alene Veld,aveldmy@theguardian.com,8c18c6ae578b610d318da78787f727b9,897-628-7954,kurir,tidak aktif,2/28/2020,11/19/2021
828,Baxter Ewbach,bewbachmz@goo.gl,05306aba3670897906b5292434a544ac,762-827-8408,kurir,aktif,12/6/2021,5/2/2022
829,Johnathan Jurkiewicz,jjurkiewiczn0@php.net,5ada2c918fdef01d26de958276b867d2,980-726-6520,admin,aktif,12/7/2021,6/21/2022
830,Muhammad Giocannoni,mgiocannonin1@posterous.com,cb86f5f4eaa75f36626cdb19be43df1a,802-614-7724,admin,tidak aktif,5/12/2021,3/23/2020
831,Olav McGroarty,omcgroartyn2@netscape.com,cc153b6517480b43fb60ef76168327d1,695-220-9841,admin,tidak aktif,7/29/2020,6/11/2022
832,Giffy Bambrugh,gbambrughn3@bravesites.com,ff68d20944aa4bbfee6eb25c5e404b9c,354-192-1828,pelanggan,aktif,10/20/2021,10/30/2022
833,Alley Limon,alimonn4@smugmug.com,261f9b10c021fd729239b58ccd527bba,722-665-7217,pelanggan,tidak aktif,5/15/2021,3/13/2020
834,Nataline Sleightholme,nsleightholmen5@stumbleupon.com,16b4483eca971bdb074a6e4219195388,621-283-9849,kurir,tidak aktif,2/9/2020,3/31/2020
835,Josiah Kryzhov,jkryzhovn6@craigslist.org,986c938393f40ffd59520b90ca858993,962-247-5722,admin,aktif,4/14/2022,1/4/2022
836,Rafaelita Hendrickson,rhendricksonn7@sciencedaily.com,319a633d85551bd581eed97c74b9890d,124-540-9536,pelanggan,aktif,10/4/2022,7/7/2022
837,Julienne Cawsey,jcawseyn8@theguardian.com,34203e23b91b26631591d3a1c9c7c69e,193-943-4567,pelanggan,aktif,6/1/2021,6/19/2020
838,Cacilie Tresler,ctreslern9@bizjournals.com,5816c727d9faed3a650a9d6ea9451b3a,231-150-7085,kurir,aktif,6/13/2021,5/30/2022
839,Mariann Stuckes,mstuckesna@webmd.com,0006ff5d486d8cbea6c2ba0ae0fd17f5,449-100-5917,admin,aktif,10/21/2021,9/19/2021
840,Dayle Sambedge,dsambedgenb@technorati.com,99aab86a00249418cd3c5b316eed38aa,473-135-0123,admin,tidak aktif,7/5/2020,5/11/2022
841,Lek Steckings,lsteckingsnc@forbes.com,485a4a249afa287e426e12cda3b991eb,239-225-4758,pelanggan,aktif,4/14/2020,10/31/2021
842,Happy Jenny,hjennynd@huffingtonpost.com,ff12105282f573b28511db5017f33744,667-281-4275,admin,tidak aktif,2/10/2021,6/20/2021
843,Emmery Baldassi,ebaldassine@cpanel.net,ad33b0a51e497d7ea226bdca4378fac6,705-212-5367,pelanggan,tidak aktif,8/19/2022,6/15/2021
844,Maynard Lowfill,mlowfillnf@omniture.com,e563e68f978f19e4e993bea3269f49a7,860-840-7590,pelanggan,aktif,10/13/2021,9/8/2021
845,Welsh Suttell,wsuttellng@epa.gov,57425f06a673c0cc1ae4f01b428b5956,827-879-1630,admin,aktif,7/15/2022,3/17/2022
846,Filmer Cheke,fchekenh@apple.com,c7ce98f34360e8e50aa3b8cb824ed17e,326-859-4052,admin,aktif,1/4/2020,2/29/2020
847,Fiann Wrack,fwrackni@bing.com,5ad85ee458b93448a2228ea002ff033c,532-526-4164,kurir,tidak aktif,7/4/2020,8/12/2021
848,Nanny Woodroof,nwoodroofnj@list-manage.com,e1e118f54ef1d58d44e3f3951af33d24,203-427-3942,kurir,tidak aktif,3/8/2022,1/15/2020
849,Addi Smiths,asmithsnk@artisteer.com,ade0d72b43acb2cbe5970d6bac89f8e4,862-535-8444,pelanggan,aktif,12/15/2021,4/11/2021
850,Whitman Row,wrownl@goodreads.com,dad84705e35039d6eff702b144f7bbc2,583-380-4184,admin,tidak aktif,6/20/2022,10/12/2022
851,Malorie Jansens,mjansensnm@rediff.com,47b5b39299ca10271152a1b96e000fd6,780-325-1381,pelanggan,tidak aktif,12/4/2020,2/24/2022
852,Andromache Bertomieu,abertomieunn@mlb.com,95acef0855693180e0909e8c3ac05efa,159-497-1578,admin,tidak aktif,1/13/2020,9/8/2021
853,Lydie Glenister,lglenisterno@webnode.com,8706f0d63eda86dd6519dc310097cbe9,449-350-3370,kurir,aktif,8/31/2021,4/28/2020
854,Adey Fold,afoldnp@whitehouse.gov,938475b9e72f220c68d6dee8babbd5c5,719-256-6203,admin,aktif,6/18/2020,10/15/2022
855,Koren Brodnecke,kbrodneckenq@baidu.com,71eac9c7cb84c932269edf226a49e7c1,984-294-4345,kurir,aktif,9/12/2022,9/6/2021
856,Christoforo Piggford,cpiggfordnr@msu.edu,8d3e221d656f123de682aba9bb050788,152-802-0750,pelanggan,tidak aktif,12/18/2021,3/13/2020
857,Gisela Titterrell,gtitterrellns@shutterfly.com,c6ccb74d463006363bdb6e183f400e95,739-321-1727,admin,aktif,6/27/2020,6/13/2020
858,Redford Waylen,rwaylennt@house.gov,8cd3bf9a390e1bc3ac628d194d67b518,682-639-9478,admin,tidak aktif,8/31/2020,8/12/2020
859,Woodrow Simanek,wsimaneknu@istockphoto.com,5ac14ca198805538296424ecaf03c3f3,798-337-6674,kurir,aktif,4/2/2020,1/6/2021
860,Reeba Dovydenas,rdovydenasnv@slate.com,7c9b970488cd40765e94f238459f7331,887-101-0375,kurir,tidak aktif,8/2/2022,10/7/2022
861,Constantin Gauge,cgaugenw@wunderground.com,20530a09c98e44075f2c0e3534094c5e,983-290-3039,kurir,tidak aktif,8/31/2021,1/29/2022
862,Wendye McKenney,wmckenneynx@studiopress.com,0b4c928ce0e7098c745e9f7f4be523a6,990-973-3132,kurir,aktif,2/13/2020,10/24/2020
863,Lebbie Wallage,lwallageny@pagesperso-orange.fr,67e6889eb9709b9ebd9a5ec53e8dce0b,732-946-8631,kurir,aktif,6/16/2021,4/13/2022
864,Jobi Stronghill,jstronghillnz@chronoengine.com,54479017fdffd2045c58981412a31562,466-293-8578,kurir,tidak aktif,9/22/2021,1/5/2021
865,Dwayne Bartelot,dbarteloto0@ebay.co.uk,12051b2af244a78420aa0a96e2da164b,281-194-7989,kurir,tidak aktif,12/26/2021,4/18/2022
866,Yancy Moyce,ymoyceo1@last.fm,5dedfa2958dcbdfa4db270edc279d6a1,383-305-6916,kurir,tidak aktif,8/15/2021,9/16/2020
867,Knox Fullerlove,kfullerloveo2@de.vu,718fbc1a2a52b4a041f2f9d8915780d4,257-612-6863,pelanggan,tidak aktif,9/9/2022,2/1/2021
868,Allyn Le Gall,aleo3@discuz.net,6c4cb979e5243881ce98606f7eef6f42,741-847-3948,kurir,aktif,5/11/2022,1/17/2020
869,Ofelia Gallichan,ogallichano4@rakuten.co.jp,d4d6a95a7ac61aef12e179f10b6fecbd,501-265-2678,pelanggan,tidak aktif,5/25/2021,6/19/2021
870,Micah Beetlestone,mbeetlestoneo5@skyrock.com,dc383d2a957c425c02e9be830787fdde,956-447-4104,kurir,tidak aktif,12/19/2021,4/11/2022
871,Andre Eard,aeardo6@fastcompany.com,d8670fe345eb4afcbef8feb58d5fd199,953-686-0822,admin,aktif,1/22/2021,1/25/2021
872,Torin Storrah,tstorraho7@mail.ru,073a03808aaeb263215ffee7da479942,701-579-8586,admin,aktif,7/15/2022,4/12/2021
873,Zabrina Mussotti,zmussottio8@amazon.com,25b3821acfd2bef6d972652c688039e0,518-918-1312,admin,tidak aktif,8/15/2021,7/21/2020
874,Florry Keston,fkestono9@ftc.gov,66e9d9cd632b397a6382b27fb57dd8ea,809-926-7963,kurir,tidak aktif,7/4/2022,10/15/2021
875,Angie Say,asayoa@meetup.com,c8d503d9e9301ba9ec386a973c5a8c66,210-169-3482,pelanggan,aktif,3/19/2020,4/25/2021
876,Lorita Mingotti,lmingottiob@cyberchimps.com,96810567a270a49e09b32565fcd60a91,370-773-4663,pelanggan,aktif,6/18/2020,6/3/2020
877,Madelle Gaskall,mgaskalloc@squidoo.com,5096c775a58333a16d121d3d6baebede,366-967-3332,pelanggan,tidak aktif,11/28/2021,2/22/2020
878,Johan Sparhawk,jsparhawkod@sakura.ne.jp,e44a24de4516f05ffc68fd188090619b,725-129-7595,pelanggan,tidak aktif,8/23/2020,8/24/2021
879,Shanie Lingard,slingardoe@diigo.com,fe905e3e3b702eac79633c5100ca6459,295-490-7896,pelanggan,aktif,5/9/2020,12/6/2021
880,Damien Vargas,dvargasof@blog.com,9dccab4675842f5860a03bf7022ffaf9,379-809-6604,pelanggan,aktif,6/23/2022,8/3/2022
881,Baudoin Scripps,bscrippsog@ed.gov,5b5b5247852d8dded79c629ec60d4c15,433-466-0659,kurir,aktif,8/24/2022,8/24/2021
882,Jefferey Boerderman,jboerdermanoh@uol.com.br,faf048563463b0d58a5622cd4d3aa4f8,295-764-7857,pelanggan,aktif,10/22/2020,6/11/2022
883,Brittne Ferrucci,bferruccioi@w3.org,6c1668781e4ebea37692f6ba8c876d57,731-567-4451,kurir,tidak aktif,12/7/2020,8/21/2021
884,Dirk Jacobbe,djacobbeoj@aol.com,ae23d36d8dc6aa308f0157ced056d560,972-666-8255,admin,aktif,4/27/2022,8/30/2021
885,Werner Krelle,wkrelleok@icq.com,3e95c2403f3d9f21d352078c90f9e206,749-222-4672,admin,tidak aktif,10/10/2020,3/3/2022
886,Rorke Dobbinson,rdobbinsonol@usgs.gov,b0620431243f848de318721baa9db476,359-731-5896,pelanggan,aktif,1/12/2022,11/7/2022
887,Jammal Hurworth,jhurworthom@diigo.com,0b03bccc511ce288a64017975688c082,113-488-4236,admin,tidak aktif,8/10/2020,10/25/2020
888,Addie Ianitti,aianittion@alibaba.com,55fde39a63be52fbfa77c69e8fbc6af6,210-482-5568,admin,aktif,8/30/2020,8/18/2021
889,Winny Hatje,whatjeoo@oracle.com,b7ea6fc65219c15c6ace1ed22d93acf7,610-917-4922,pelanggan,tidak aktif,5/7/2020,1/25/2021
890,Livvy Pilipyak,lpilipyakop@nationalgeographic.com,b363142eb402ff1626fa709f095b18ee,931-466-9143,pelanggan,aktif,12/12/2022,6/24/2021
891,Urbano Carletto,ucarlettooq@cmu.edu,b150d3666ab29fdcac7c47bf189e11ea,104-793-5613,pelanggan,tidak aktif,3/28/2021,6/28/2021
892,Frederico Hardaway,fhardawayor@si.edu,e84240d172164ce6746fd3b008c860aa,470-654-7684,kurir,tidak aktif,4/5/2021,3/28/2020
893,Say Jeeks,sjeeksos@springer.com,cff0a95fce3bea7d8ec6a53576834965,327-395-1916,kurir,tidak aktif,6/22/2021,10/4/2021
894,Waverly Kliement,wkliementot@pcworld.com,f5d002b38c222b4bc5bf841c8facb409,808-289-6978,kurir,tidak aktif,11/26/2020,2/3/2022
895,Edgar Deroche,ederocheou@gravatar.com,e682a26b3297a7f5a0e013aaa3e5372c,497-463-4550,admin,aktif,2/14/2022,8/23/2022
896,Odell Ferminger,ofermingerov@xing.com,253e08e98984c0e03479a1fd1a1968e4,436-626-7109,kurir,aktif,3/30/2020,9/18/2022
897,Lorne Blunsum,lblunsumow@weibo.com,1bda74ecae94684c6713177510c2d17b,917-320-8613,kurir,aktif,3/12/2020,6/21/2021
898,Inger Alders,ialdersox@exblog.jp,75ddc224dcb27214fa4dce98d9a138ab,129-286-3052,pelanggan,tidak aktif,1/29/2020,2/12/2022
899,Constance Linger,clingeroy@youtube.com,fcf87a4538878b734e432995a1feb32b,336-119-3681,pelanggan,aktif,6/23/2022,2/13/2020
900,Reidar Hefferan,rhefferanoz@twitpic.com,8f5c344040098160ba2fbb796a357934,298-510-0818,admin,tidak aktif,11/18/2020,9/19/2020
901,Hallsy MacGebenay,hmacgebenayp0@theatlantic.com,28411559011d42665e879d6a7d1b6204,404-886-4637,admin,tidak aktif,12/4/2020,1/30/2022
902,Constantina Tomisch,ctomischp1@amazon.de,2a744f81bb2256e1d45ac78c961bbe29,894-402-2604,admin,tidak aktif,10/21/2021,12/5/2021
903,Tiebold Slucock,tslucockp2@latimes.com,8daa873ed4e96f797e05b7833c75bf95,721-974-5579,kurir,aktif,7/28/2021,2/1/2020
904,Clay Falk,cfalkp3@symantec.com,d7ebb9d09287a21af4bbf0454e00fc69,139-162-7837,pelanggan,aktif,11/1/2020,7/15/2020
905,Levon Yglesias,lyglesiasp4@google.de,6fb2edb2ee4640e4153f9f03d0184213,741-597-4463,pelanggan,aktif,2/27/2021,3/6/2020
906,Jasen Pattle,jpattlep5@yelp.com,7fc5e57ca7f4992f4f33d73fc5be4813,319-489-5070,pelanggan,aktif,3/6/2020,8/24/2022
907,Farrand Kilcoyne,fkilcoynep6@eepurl.com,89e85a5f2248793d5fc34dd5f15a5ca0,458-674-2492,admin,tidak aktif,2/10/2022,5/4/2020
908,Son Corbridge,scorbridgep7@europa.eu,203288074c3b922daac21e42e22c33c2,706-780-9512,kurir,tidak aktif,3/20/2020,10/31/2022
909,Farah Buzek,fbuzekp8@disqus.com,131ac01277969140216fb8d925437854,960-561-8722,pelanggan,tidak aktif,7/9/2022,3/10/2022
910,Iona Mathey,imatheyp9@github.com,8ae5b1fa5911b86e98c5be421173f46d,706-743-2017,kurir,tidak aktif,5/30/2020,12/29/2021
911,Mathias Staddon,mstaddonpa@twitter.com,c2d4191ae076e0c28b898b2dc2481bdb,882-520-4220,kurir,tidak aktif,5/12/2021,8/8/2020
912,Malissa Bagenal,mbagenalpb@samsung.com,8433b281b391d1bfed1950baf24abc5f,267-555-2523,admin,aktif,5/31/2020,10/27/2021
913,Arv Bradder,abradderpc@sogou.com,605c0b3277809264873a6a89cf597ff2,719-621-6198,admin,aktif,4/18/2021,10/8/2022
914,Babbie Hosier,bhosierpd@arizona.edu,69c06d4e773eed9a320d9a0bf6761e2d,854-761-1210,kurir,tidak aktif,5/31/2020,4/25/2020
915,Wallie Salisbury,wsalisburype@buzzfeed.com,4082f0e46b6d285fb2cc9ec6c837b130,132-825-9795,kurir,tidak aktif,8/2/2020,5/3/2020
916,Ilaire Parminter,iparminterpf@mayoclinic.com,aaeaf1b7c13e5bc69e7ebb520db53392,352-354-1204,kurir,aktif,5/5/2020,3/17/2021
917,Christal Sweetmore,csweetmorepg@apache.org,1e46108563f339518acd4d41525d53e8,247-745-6696,pelanggan,tidak aktif,9/21/2022,1/4/2022
918,Neal Whal,nwhalph@edublogs.org,38636d936080e0286e6a084ab373d914,877-800-1110,kurir,tidak aktif,7/20/2021,11/7/2022
919,Lazaro Bisacre,lbisacrepi@yahoo.co.jp,f99588ca467d60b174db38a7d5e4d1ea,550-347-4446,pelanggan,tidak aktif,12/5/2021,11/23/2022
920,Sergent Enevoldsen,senevoldsenpj@weebly.com,01e10528c1e669e1a7becedffa9761a7,911-233-3546,kurir,aktif,6/27/2020,9/22/2020
921,Cesar Carnelley,ccarnelleypk@hubpages.com,3f002205212021054ea1ca531c3208df,360-150-0312,admin,aktif,9/3/2020,12/24/2021
922,Atlanta Landell,alandellpl@rakuten.co.jp,c1aa35a3c635619f13cf7b146fbf8a26,239-981-4742,pelanggan,aktif,2/3/2020,11/29/2020
923,Brigitte Swindle,bswindlepm@ask.com,667d2da6a7ee8223aea13cf49dc7b1f6,346-657-9143,pelanggan,tidak aktif,1/10/2020,10/4/2021
924,Lark Cecchetelli,lcecchetellipn@lulu.com,22f43a6a79527ef1d3060a148e89cd57,743-779-2059,pelanggan,tidak aktif,3/18/2021,5/8/2020
925,Rosabel Taffarello,rtaffarellopo@example.com,d771990925adacdd73c076c9c12b07f9,499-254-6631,pelanggan,tidak aktif,2/7/2021,4/21/2022
926,Emmet Bailes,ebailespp@tiny.cc,06bd77eed29a3086852e813906a55283,844-298-0587,pelanggan,tidak aktif,12/23/2020,1/18/2022
927,Rebekah Gerrie,rgerriepq@independent.co.uk,d307748c9dbcf01e54dccf74ccb97fd9,211-879-7127,admin,tidak aktif,10/16/2021,11/26/2021
928,Reena Duckett,rduckettpr@live.com,0d97d22e9e056e39a71e3767eab3a938,474-397-6786,kurir,aktif,5/10/2022,11/14/2021
929,Rockey Windows,rwindowsps@geocities.jp,d3ba4ebfe26d2ea4c5c6b6b5f6557e1c,403-801-8986,admin,aktif,9/10/2021,11/10/2020
930,Nicolea Hubbart,nhubbartpt@vk.com,c35c58f5e7505c203db84f9e9bed745a,290-243-3110,admin,tidak aktif,5/30/2022,4/2/2022
931,Rhett Juanico,rjuanicopu@dion.ne.jp,6383bd87eff59eaa8c818ff46e8ecbec,960-918-7534,pelanggan,aktif,8/14/2021,12/27/2022
932,Ferris Gelsthorpe,fgelsthorpepv@myspace.com,bc93ef68c57c34c1581bab2b9d0233e9,561-317-9151,pelanggan,aktif,7/30/2022,8/31/2020
933,Inge Clough,icloughpw@blog.com,0b2da8dc1cddd3edc6f014e7e0b71ae0,674-431-8281,pelanggan,tidak aktif,9/29/2022,2/21/2021
934,Nikki Medley,nmedleypx@chicagotribune.com,3dceec90c0540da9c2be8c05827eda18,185-707-8020,kurir,aktif,10/14/2021,5/9/2020
935,Michal Agge,maggepy@ted.com,7843ea5d9848c81d64569c68064d9946,208-917-5073,admin,aktif,7/18/2020,10/28/2022
936,Cort Bitcheno,cbitchenopz@1688.com,b4d6f50e87625c4e36b863e0e599dfb6,513-425-4218,pelanggan,tidak aktif,4/13/2020,1/13/2021
937,Patrice Bastow,pbastowq0@friendfeed.com,421c2186d6784d2c08a72c763deb58dd,584-176-1336,pelanggan,aktif,10/30/2020,12/9/2022
938,Kelbee Cardiff,kcardiffq1@whitehouse.gov,b61b791bbedf652215d8e9eec6721eb6,786-390-3084,kurir,aktif,5/5/2020,10/20/2021
939,Alva Barber,abarberq2@ebay.co.uk,1f1174f304b1bc73e1a0f51220a5bef2,846-855-9609,admin,aktif,10/1/2020,4/30/2021
940,Ann Romme,arommeq3@miibeian.gov.cn,be8b275edb38abd2d2b248321ac0e247,872-984-5587,kurir,tidak aktif,2/4/2022,12/7/2021
941,Milena Courtonne,mcourtonneq4@hibu.com,f7e0e8fc5d7ae29f188a9f04fd03b7ba,848-856-5205,pelanggan,aktif,2/14/2020,5/6/2022
942,Vilhelmina Braniff,vbraniffq5@unicef.org,bf14d9627758df918547ecd20ecf71e6,108-949-7392,admin,tidak aktif,2/10/2020,11/25/2022
943,Georgina Yell,gyellq6@usa.gov,30ae8910c51542b5cdefedf620a66a40,816-809-9441,pelanggan,aktif,11/21/2020,9/12/2020
944,Karoly Carwithen,kcarwithenq7@indiatimes.com,35d410d09af0327532e34077c29699c0,414-532-2700,kurir,tidak aktif,6/17/2022,9/7/2022
945,Nanete Blaby,nblabyq8@youtube.com,d262f3ffc1ff16a505bdc46b5d1751a3,735-888-8583,admin,aktif,4/26/2020,4/3/2022
946,Isidro Swetman,iswetmanq9@tamu.edu,f2632aef93f757d650dd63bafe2e663d,677-279-2064,pelanggan,tidak aktif,2/7/2021,9/1/2021
947,Gennie Voss,gvossqa@indiegogo.com,be9e34994d1f9c68f936786e140b66c6,841-431-3769,kurir,aktif,7/25/2020,1/12/2022
948,Dalton Brunet,dbrunetqb@booking.com,431a2d526f5a34011247f491a98b0f9d,315-795-0109,pelanggan,aktif,12/29/2021,5/28/2021
949,Eric Dickson,edicksonqc@aol.com,a0b83b429777515a678b3ce5a47ade30,586-971-2592,kurir,tidak aktif,4/17/2021,7/16/2021
950,Margaretta Drinkhall,mdrinkhallqd@linkedin.com,b744a1d2fc054758aa49610ee9b2fd7b,964-328-8721,pelanggan,aktif,12/4/2020,1/19/2020
951,Dory Terram,dterramqe@etsy.com,b3652dafcda2784885be6b96f7402c84,958-261-7147,pelanggan,aktif,3/24/2022,12/31/2021
952,Rana Peerless,rpeerlessqf@posterous.com,c88fb7d86cafe01326b2ff1918d2b366,122-739-0271,kurir,aktif,11/21/2021,6/30/2021
953,Chickie Lorkings,clorkingsqg@harvard.edu,a0221894b46b2e09feadacf0f546977e,629-410-6457,kurir,tidak aktif,7/19/2022,1/13/2022
954,Shaw Yaldren,syaldrenqh@nymag.com,4209fb8e8e99f38ff9489ad9058fd939,278-848-1266,pelanggan,tidak aktif,10/10/2021,10/6/2020
955,Jim Casone,jcasoneqi@blogs.com,bf76b4b45c983e435b331173831a2f33,278-152-6716,pelanggan,tidak aktif,8/25/2020,8/22/2022
956,Steffie Simonato,ssimonatoqj@ameblo.jp,43362abb8ea65dc798bf2758869f66ad,196-300-7396,admin,aktif,2/3/2020,1/24/2020
957,Korey Kantor,kkantorqk@mapy.cz,0d6ae29cfe4c6e0cad8112d7d88b6909,758-244-3067,kurir,aktif,4/18/2022,2/17/2021
958,Rosamund Steels,rsteelsql@flavors.me,21de0e5c3dbac926a92068663552eda6,315-323-3452,pelanggan,aktif,4/6/2021,3/27/2021
959,Peggie Bullen,pbullenqm@google.it,60a01225249bf5eaf5bba98f39e344cc,170-416-9800,pelanggan,tidak aktif,9/6/2022,9/2/2021
960,Cello Morrant,cmorrantqn@jugem.jp,07209935714f22f73ccd3f549f630ba0,112-795-9778,pelanggan,aktif,1/21/2022,1/4/2020
961,Chrissie Bewshaw,cbewshawqo@archive.org,b3ca6078ea3747b4adcf636212ec6041,212-520-7430,admin,tidak aktif,9/14/2022,2/13/2021
962,Emelyne Bettington,ebettingtonqp@biblegateway.com,e225ff76a7deed07d1d8da3d782c89d5,319-765-3507,admin,aktif,5/31/2020,7/7/2021
963,Maurise Reiners,mreinersqq@loc.gov,d39e4242f41cd8d6321abb9f4092680c,841-626-3672,admin,tidak aktif,1/22/2020,9/6/2020
964,Zena Martinson,zmartinsonqr@berkeley.edu,b0ce83320ef1c032bf36222049120660,287-406-7088,pelanggan,aktif,2/7/2020,8/10/2020
965,Iain Best,ibestqs@goodreads.com,7d91a976e321bb17cf3bb2ae32232eba,612-109-0493,admin,tidak aktif,9/10/2021,2/28/2021
966,Saxe Mongenot,smongenotqt@so-net.ne.jp,f735c70343e3ea6a1b0898b57bdd868f,337-261-8265,kurir,aktif,1/22/2020,3/12/2020
967,Belva Tippell,btippellqu@miibeian.gov.cn,c424bd5a544595b1809e4b45f5558b0a,636-786-8611,admin,aktif,1/5/2022,2/10/2020
968,Elroy Addicott,eaddicottqv@cdc.gov,12c0cc9769146242f96f6c59941fde0f,174-689-1570,admin,tidak aktif,4/19/2020,6/28/2021
969,Chris Ugoletti,cugolettiqw@sfgate.com,313803b530442b5d35d7b7b21122b277,259-564-5309,pelanggan,tidak aktif,6/15/2022,1/7/2022
970,Liv Burkinshaw,lburkinshawqx@tumblr.com,d1bcc2eb981a70fd22fcfb3a32577511,775-101-2354,pelanggan,aktif,3/24/2021,4/14/2022
971,Kennett Defty,kdeftyqy@spiegel.de,e25e92290c22130237f6ca4621243e56,234-673-3466,kurir,tidak aktif,12/25/2021,11/5/2022
972,Kerrill O'Lochan,kolochanqz@ameblo.jp,b472faec95f41d85d56876b1efc2ab9e,200-915-4449,admin,tidak aktif,11/20/2021,5/11/2021
973,Ki Powney,kpowneyr0@themeforest.net,ea1be218c38f0348e42e00b24678464f,586-730-0698,kurir,tidak aktif,4/3/2021,9/5/2020
974,Curtis Farthing,cfarthingr1@disqus.com,a012af0694c6bb32bd5815f88257731f,362-175-9361,kurir,tidak aktif,6/26/2020,11/5/2021
975,Maible Pyke,mpyker2@economist.com,69976a4bf0daca208a717bc727f2bcc2,749-246-5025,admin,tidak aktif,3/16/2022,3/30/2020
976,Cindi Blatchford,cblatchfordr3@alibaba.com,268836250a42d0b23185897b145ade0b,354-697-1350,kurir,aktif,8/20/2021,9/24/2020
977,Hillie Sinclair,hsinclairr4@i2i.jp,8ac29fcf4ba99613b8410166535eecb3,523-489-1377,kurir,tidak aktif,12/17/2020,3/27/2021
978,Junina McGaughie,jmcgaughier5@msn.com,51ed86d27865dd9f7032ef9a359c2f60,693-280-9299,kurir,aktif,9/20/2020,6/22/2020
979,Tanny Evered,teveredr6@google.ca,9f716c22ce5ecf82a4c552989b77b098,207-468-9970,kurir,aktif,6/1/2021,6/6/2021
980,Glen Pirdue,gpirduer7@ed.gov,661448af0c92b314f4eb7a9a6cff60ef,810-631-3684,kurir,tidak aktif,8/24/2022,6/22/2021
981,Anders Tythe,atyther8@a8.net,0fb6a4829d2f7c2df296abb00a442334,783-339-3825,kurir,tidak aktif,1/3/2022,11/24/2020
982,Alyosha Sogg,asoggr9@bluehost.com,25444e5edb5fcdc3ae8d41df36846236,300-439-1658,admin,aktif,12/25/2020,3/4/2020
983,Flossy Proudlove,fproudlovera@tuttocitta.it,4b188427f70aa3a17e471649b7d9fe47,616-742-1935,pelanggan,aktif,2/22/2020,1/30/2022
984,Tome McAlester,tmcalesterrb@ibm.com,ffeacbd8b125ab71b6c17b635cee8d52,217-807-0494,pelanggan,aktif,2/26/2020,11/22/2020
985,Lynett Auger,laugerrc@theatlantic.com,ed57172031810eb43c9f7269302a35de,537-673-4786,pelanggan,tidak aktif,8/10/2021,1/31/2022
986,Berrie Jarvis,bjarvisrd@free.fr,8e03b51b8a3217dd07162bee6a95c81d,605-236-8330,admin,aktif,4/4/2021,11/3/2020
987,Marilin Pascow,mpascowre@biglobe.ne.jp,31569a3035f1e272d741a076a838e6af,924-617-8230,admin,tidak aktif,3/12/2020,9/15/2021
988,Lenora Danielsen,ldanielsenrf@creativecommons.org,11420519b72050246e7e2948070fdcf4,227-772-3015,pelanggan,aktif,3/6/2021,11/11/2020
989,Yul Shiel,yshielrg@gnu.org,62dad3502086f415e7fbe05bebc6a6d2,900-940-5564,kurir,tidak aktif,10/20/2021,1/6/2022
990,Harriot Dmitriev,hdmitrievrh@nasa.gov,8c47d00b67c4aa51836eeff43fe20d57,435-566-2246,kurir,aktif,9/24/2020,11/14/2020
991,Thorin Relf,trelfri@blogger.com,a5b28c9a298636c0d816942210234ca3,439-267-0596,admin,aktif,9/4/2020,10/31/2021
992,Skipton Burbage,sburbagerj@google.it,5e176613b0b3c89ba093f1b4fe4ab2a3,488-402-8050,kurir,tidak aktif,11/10/2020,4/10/2021
993,Ebba Loren,elorenrk@ucla.edu,000201cfbbe33b315074a824902ffa95,478-549-7873,pelanggan,tidak aktif,9/1/2022,3/29/2020
994,Zahara Duding,zdudingrl@shareasale.com,742b837d9448b2df6ccf4f5c5385de66,468-942-1311,pelanggan,aktif,10/23/2020,10/11/2022
995,Nalani Chaikovski,nchaikovskirm@w3.org,8fafeba81c8e7edde035cd5c7a4b533f,584-653-3791,pelanggan,aktif,1/16/2021,5/9/2021
996,Montague Melding,mmeldingrn@usatoday.com,ba24559512d5a2e9254c3670f8f36306,115-558-4232,kurir,tidak aktif,10/22/2020,1/19/2022
997,Calhoun Fleis,cfleisro@w3.org,1df20843030461af4340870ad438888a,605-323-6627,admin,tidak aktif,11/10/2022,12/25/2021
998,Darrell Hanigan,dhaniganrp@un.org,a550e5a8802a2be4c6e5ce629874f47c,199-348-1061,pelanggan,tidak aktif,8/6/2020,2/27/2022
999,Maison Pinniger,mpinnigerrq@ocn.ne.jp,205b348be002dbd1047fa2e3b94d5c3a,822-650-9737,admin,tidak aktif,5/13/2021,4/9/2020
1000,Brandea Doget,bdogetrr@rediff.com,e4edf44d90d7f76fa9e496e273cc2981,184-322-0082,kurir,aktif,7/14/2022,11/16/2021
